image_id,psnr,ssim,rmse,mae,bias,r2,pearson
ntl_chip_Akpassi_785,22.08631706237793,0.4989906251430511,0.0786472856998443,0.0580221600830554,-8.554140367778018e-05,0.5030437707901001,0.7170436978340149
ntl_chip_Al_Mukalla_639,33.933326721191406,0.9048264622688292,0.0201061218976974,0.0113408360630273,4.104959953110665e-05,0.9546871781349182,0.9775879979133606
ntl_chip_Albuquerque_589,29.879199981689453,0.9033891558647156,0.0320654921233654,0.0173241775482893,1.3179102097637951e-05,0.9727274179458618,0.9864434599876404
ntl_chip_Alfter_1247,29.63573455810547,0.8573941588401794,0.0329770073294639,0.0229715593159198,3.243292303523049e-05,0.9469355940818788,0.9738729000091552
ntl_chip_Ambatomarina_1864,29.766529083251957,0.6785785555839539,0.0324841476976871,0.0233078338205814,-2.1156916773179543e-05,0.5748223066329956,0.7655608057975769
ntl_chip_Ambohidanerana_1862,31.583541870117188,0.7159963846206665,0.0263523738831281,0.0193780101835727,-3.2961132092168555e-05,0.5954338312149048,0.783399224281311
ntl_chip_Andribavontsona_1854,33.962276458740234,0.778727650642395,0.0200392175465822,0.0152350030839443,2.1673655282938853e-05,0.5948017835617065,0.7831488847732544
ntl_chip_Anosiala_1888,32.07196044921875,0.8337230086326599,0.024911418557167,0.0155103206634521,-1.446376700187102e-06,0.9536170959472656,0.976737141609192
ntl_chip_Ansfelden_721,30.70326232910156,0.8852124810218811,0.0291631408035755,0.0163587462157011,4.093271854799241e-07,0.9393576979637146,0.970018744468689
ntl_chip_Aragarcas_885,36.067195892333984,0.910458505153656,0.0157264713197946,0.0093249343335628,-2.9668535717064515e-06,0.9629225134849548,0.9815802574157716
ntl_chip_Arambagh_1618,27.120750427246094,0.7292231917381287,0.044051568955183,0.0298395007848739,8.25320603325963e-05,0.8160756826400757,0.9056591391563416
ntl_chip_Astrakhan_239,32.19410705566406,0.9200336933135986,0.0245635472238063,0.012592626735568,-1.840460754465312e-06,0.9654470682144164,0.9828248023986816
ntl_chip_Awan Patti_100,33.55807876586914,0.8624728918075562,0.0209938064217567,0.0146954199299216,2.2762345906812698e-05,0.9333372116088868,0.9667511582374572
ntl_chip_Baixo_Guandu_905,32.9814453125,0.8800418972969055,0.0224348604679107,0.0119496826082468,-2.977970871143043e-05,0.8882182836532593,0.9460296034812928
ntl_chip_Bamukumbit_1039,25.54185104370117,0.6262769103050232,0.0528331734240055,0.0379789695143699,0.0001853723224485,0.7132410407066345,0.8482465147972107
ntl_chip_Bareilly_1663,31.23172378540039,0.8057542443275452,0.0274416990578174,0.0188898276537656,2.9116214136593044e-05,0.935807466506958,0.9676917791366576
ntl_chip_Barletta_1738,30.834259033203125,0.922208607196808,0.0287266112864017,0.0143185015767812,1.1842334060929716e-05,0.9607276320457458,0.9807726740837096
ntl_chip_Barstow_530,32.81858825683594,0.936089277267456,0.022859489545226,0.009639136493206,-3.9572718378622085e-05,0.9225218892097472,0.962029993534088
ntl_chip_Bedourie_725,26.976842880249023,0.5595568418502808,0.0447874926030635,0.034693818539381,-1.490249633206986e-05,0.4336401224136352,0.672383189201355
ntl_chip_Belazao_1863,32.08125305175781,0.747668445110321,0.0248847883194684,0.0179512053728103,6.768666935386136e-06,0.8193828463554382,0.9067152738571168
ntl_chip_Beloozerskiy_192,24.80886650085449,0.7497995495796204,0.0574851892888546,0.0403368584811687,-0.0001389178796671,0.8547317981719971,0.9265084266662598
ntl_chip_Bidur_1988,27.942716598510746,0.7452628016471863,0.0400740057229995,0.0278647597879171,-4.0266691939905286e-05,0.9223946928977966,0.9610791802406312
ntl_chip_Bilenke_394,25.54259490966797,0.5742181539535522,0.0528286471962928,0.0416650064289569,-5.769747076556087e-05,0.511925220489502,0.7278629541397095
ntl_chip_Borgampad_1500,30.982250213623047,0.7854295372962952,0.0282413009554147,0.0189553648233413,-1.1164867828483692e-05,0.8956485986709595,0.947124719619751
ntl_chip_Brejo_da_Madre_de_Deus_943,33.59796142578125,0.9055084586143494,0.020897626876831,0.0115865273401141,-2.117061376338825e-05,0.940653681755066,0.9708755612373352
ntl_chip_Bubanza_779,33.335418701171875,0.819696843624115,0.021538944914937,0.0148236081004142,1.537612479296513e-05,0.9323227405548096,0.965883493423462
ntl_chip_Bucak_365,30.91501235961914,0.8875540494918823,0.0284607727080583,0.0156082119792699,-0.0001540817465865,0.9023007750511168,0.9527959823608398
ntl_chip_Burglengenfeld_1235,29.625635147094727,0.8547441363334656,0.0330153778195381,0.0200823079794645,1.765720844559837e-05,0.9271515607833862,0.9641096591949464
ntl_chip_Buriti_do_Tocantins_815,32.995113372802734,0.8649114370346069,0.0223995875567197,0.0122381094843149,-1.238704498973675e-05,0.816641092300415,0.9113082885742188
ntl_chip_Buug_82,28.84100151062012,0.6706889867782593,0.0361366830766201,0.0242215096950531,1.95737520698458e-05,0.5747416615486145,0.7662580609321594
ntl_chip_Cadale_282,24.307090759277344,0.5114302039146423,0.0609038583934307,0.046844732016325,-7.294065289897844e-05,0.5053452253341675,0.7174889445304871
ntl_chip_Cadiz_1339,30.659019470214844,0.9305464625358582,0.0293120648711919,0.0150659848004579,2.919890721386764e-05,0.9716424942016602,0.9861494898796082
ntl_chip_Canarana_I_872,37.8607292175293,0.924704611301422,0.0127923469990491,0.0078631490468978,-1.2021650036331266e-05,0.931157886981964,0.966061234474182
ntl_chip_Cantonment_108,32.66412353515625,0.8975884318351746,0.0232696458697319,0.0164355169981718,3.024700708920136e-05,0.9841966032981871,0.9921429753303528
ntl_chip_Carlos_Casares_697,36.28261184692383,0.9344916343688964,0.0153412297368049,0.0075165517628192,-5.536192475119606e-06,0.9074510931968688,0.9546763300895692
ntl_chip_Chencha_1340,26.213523864746094,0.6131616830825806,0.0489015765488147,0.0358392149209976,-5.037058144807816e-06,0.676917552947998,0.8265378475189209
ntl_chip_Chengam_1585,27.758981704711918,0.708899736404419,0.0409307442605495,0.028744013980031,8.786981925368309e-05,0.8448982834815979,0.920017659664154
ntl_chip_Cherutana_Tekku_1508,31.20332717895508,0.8305344581604004,0.0275315549224615,0.019305745139718,3.724171983776614e-05,0.9643931984901428,0.9821986556053162
ntl_chip_Ciudad_del_Plata_608,30.41107177734375,0.89726722240448,0.0301608759909868,0.0163361150771379,-1.636203523958102e-05,0.9771184921264648,0.9886230826377868
ntl_chip_Cloppenburg_1251,29.5874137878418,0.8587363362312317,0.0331609733402729,0.0180841647088527,-3.849073254968971e-05,0.8494013547897339,0.925761878490448
ntl_chip_Covington_418,31.961877822875977,0.902016580104828,0.0252291522920131,0.0136498352512717,-3.734624988283031e-05,0.930117964744568,0.9658697247505188
ntl_chip_Cuapiaxtla_de_Madero_1935,26.370126724243164,0.8283074498176575,0.0480278059840202,0.0303711853921413,-5.484798748511821e-05,0.8973301649093628,0.9500924944877625
ntl_chip_Cunupia_380,29.0517520904541,0.8774251937866211,0.0352704226970672,0.0226226542145013,6.429381028283387e-05,0.972040832042694,0.9861807227134703
ntl_chip_Currumbin_726,31.188751220703125,0.9217634797096252,0.0275778006762266,0.0135822296142578,-3.77749529434368e-06,0.9661179184913636,0.9831429719924928
ntl_chip_Cuttack_1651,30.549076080322266,0.8229262828826904,0.0296854600310325,0.0201342683285474,5.781483196187764e-06,0.9555198550224304,0.9777445793151855
ntl_chip_Dabou_1027,30.57343292236328,0.8029265403747559,0.0296023301780223,0.018193881958723,-8.029134187381715e-05,0.9176867604255676,0.9583743810653688
ntl_chip_Dadukou_1109,23.10722541809082,0.6175268888473511,0.0699259340763092,0.0460739769041538,9.579560719430448e-05,0.7261151075363159,0.8548870086669922
ntl_chip_Datori_784,23.07205390930176,0.5117056965827942,0.07020965218544,0.0521501936018466,7.219964754767716e-05,0.5773258209228516,0.7649813294410706
ntl_chip_Denan_1346,30.771923065185547,0.670537531375885,0.028933523222804,0.02253326959908,-4.378016456030309e-07,0.4363309741020202,0.6751811504364014
ntl_chip_Dhariwal_1577,33.06357955932617,0.8571561574935913,0.0222237147390842,0.0157974679023027,-0.0001207757013617,0.9252599477767944,0.9628556370735168
ntl_chip_Dire_1898,27.596742630004883,0.5718724727630615,0.0417024530470371,0.0326454825699329,3.3219694159924984e-05,0.625180721282959,0.7948555946350098
ntl_chip_Divinopolis_963,29.291316986083984,0.8760936260223389,0.0343109183013439,0.0178634524345397,8.749972039368004e-06,0.9463183879852296,0.9734333157539368
ntl_chip_Dom_Pedrito_942,37.48384475708008,0.9058496952056884,0.0133596658706665,0.0089139947667717,-5.202680767979473e-06,0.935335099697113,0.9679323434829712
ntl_chip_Douar_Ras_el_Ksar_1834,38.01670455932617,0.9441689252853394,0.0125646665692329,0.0071447915397584,2.6311194233130664e-05,0.969665229320526,0.9849929809570312
ntl_chip_El Crucero_8,30.00680160522461,0.850200891494751,0.0315978601574897,0.0191635265946388,3.3770276786526665e-05,0.9570674300193788,0.978630781173706
ntl_chip_El_Seibo_1266,32.221343994140625,0.8741631507873535,0.0244866330176591,0.0138262016698718,-6.25065149506554e-05,0.9136038422584534,0.9578140377998352
ntl_chip_Engandiyur_1606,31.85601234436035,0.81801837682724,0.0255385395139455,0.0183143205940723,-1.7661601305007935e-05,0.957480788230896,0.9786609411239624
ntl_chip_Eqbaliyeh_1697,28.521242141723636,0.8559815883636475,0.0374918095767498,0.022607060149312,-2.508789475541562e-05,0.946173369884491,0.9734413027763368
ntl_chip_Erzurum_377,31.3680419921875,0.8958556652069092,0.0270143747329711,0.0131430504843592,-7.352122338488698e-06,0.951227605342865,0.9757798910140992
ntl_chip_Eydhafushi_1927,32.89117431640625,0.8480622172355652,0.022669244557619,0.0125482995063066,-1.7802667571231725e-06,0.6317951679229736,0.8081485629081726
ntl_chip_Fontaine-lEveque_762,28.67504119873047,0.8419604897499084,0.0368337854743003,0.0231260824948549,-3.452596138231456e-05,0.9262346625328064,0.963369369506836
ntl_chip_Forest_Hills_529,30.714500427246094,0.879420280456543,0.0291254352778196,0.0182882435619831,2.7537716960068792e-05,0.970793843269348,0.9854902625083924
ntl_chip_Fotadrevo_1891,35.15053176879883,0.8200863003730774,0.0174769796431064,0.0127619197592139,1.6029831385822035e-05,0.4688250422477722,0.7012097239494324
ntl_chip_Funadhoo_1926,33.280609130859375,0.8678027987480164,0.0216752849519252,0.0116503462195396,2.2602398530580103e-05,0.6669320464134216,0.8308095335960388
ntl_chip_Gaoping_1131,32.82731628417969,0.9154186844825744,0.0228365287184715,0.0125342411920428,-1.7279453459195793e-06,0.9749405980110168,0.987563967704773
ntl_chip_Gayeri_765,21.01804542541504,0.4614483714103699,0.0889400690793991,0.0685108751058578,-1.7691694665700197e-05,0.6024937629699707,0.7792609333992004
ntl_chip_Gisborne_34,36.09066390991211,0.8951352834701538,0.01568403840065,0.0098684914410114,-1.257126496057026e-05,0.914418876171112,0.9573237299919128
ntl_chip_Gosen_1773,31.79276466369629,0.9007624387741088,0.0257251802831888,0.0150623396039009,6.333742931019515e-06,0.9613860845565796,0.9808850288391112
ntl_chip_Granadero_Baigorria_705,29.264423370361328,0.9173696041107178,0.0344173125922679,0.0185481868684291,-2.364395186305046e-07,0.9753134250640868,0.9878329634666444
ntl_chip_Greenville_584,31.306703567504883,0.8631114959716797,0.0272058229893445,0.0173955485224723,-6.217771442607045e-05,0.9539101123809814,0.9770549535751344
ntl_chip_Guaraciaba_do_Norte_937,29.97533416748047,0.8615219593048096,0.0317125543951988,0.0165714025497436,8.896166400518268e-05,0.8599027395248413,0.9317190051078796
ntl_chip_Guarei_879,29.92140769958496,0.8707900643348694,0.031910054385662,0.0164560079574584,-6.054680488887243e-05,0.9121615886688232,0.9566197991371156
ntl_chip_Gueoul_280,30.183507919311523,0.6993095874786377,0.0309615265578031,0.0226287264376878,7.878756150603294e-06,0.8472528457641602,0.9218990802764891
ntl_chip_Gurh_1574,31.715221405029297,0.8092392683029175,0.0259558763355016,0.018750425428152,3.689297591336072e-05,0.9247542023658752,0.9621480107307434
ntl_chip_Gurupi_948,33.854736328125,0.9280996322631836,0.0202888697385787,0.0089485039934515,3.848268534056842e-06,0.9320660829544068,0.9660660028457642
ntl_chip_Gyegu_1068,38.01363754272461,0.927258551120758,0.0125691061839461,0.007534232456237,1.1894673662027344e-05,0.8809284567832947,0.9400805234909058
ntl_chip_Ha_Tinh_631,28.819787979125977,0.7713764309883118,0.0362250469624996,0.0220042970031499,2.658212906681001e-05,0.8468791246414185,0.92154860496521
ntl_chip_Harij_1608,35.94424819946289,0.9116001725196838,0.0159506741911172,0.0101181454956531,2.1547044525505044e-05,0.946525812149048,0.973513126373291
ntl_chip_Hayden_501,33.054405212402344,0.9245233535766602,0.0222471989691257,0.011936386115849,6.876907718833536e-06,0.9711618423461914,0.985746681690216
ntl_chip_Heerhugowaard_20,28.547901153564453,0.825059175491333,0.0373768992722034,0.0245591960847377,-4.210814950056374e-05,0.9419315457344056,0.9709977507591248
ntl_chip_Higashi-Matsuyama_1778,29.596240997314453,0.8605844974517822,0.0331272929906845,0.0234043467789888,1.7141304851975292e-05,0.9653011560440063,0.9827461838722228
ntl_chip_Huajiang_1097,31.28429412841797,0.7840476036071777,0.0272761080414056,0.0183532498776912,-4.671725400839932e-05,0.8459780216217041,0.9215673208236694
ntl_chip_Huishi_1104,36.29541397094727,0.9036023020744324,0.015318633057177,0.0094315912574529,5.462919943965972e-06,0.9010969400405884,0.9508745670318604
ntl_chip_Huozhou_1113,31.65485572814941,0.8845270872116089,0.0261368993669748,0.0143492557108402,-1.4418212231248615e-05,0.9195151329040528,0.9603607654571532
ntl_chip_Hyeres_1392,30.308151245117188,0.9199692606925964,0.0305203944444656,0.0154241919517517,4.848829848924652e-05,0.9564667344093324,0.9786991477012634
ntl_chip_Hyosha_1010,32.33551788330078,0.7421121001243591,0.0241668727248907,0.0175868235528469,-1.5623256331309676e-05,0.6636315584182739,0.8193884491920471
ntl_chip_Ilaka_Atsinanana_1876,27.284364700317383,0.61644446849823,0.0432295389473438,0.0305126793682575,2.5085213565034792e-05,0.4890699982643127,0.7088358402252197
ntl_chip_Imzouren_1845,32.34758377075195,0.9077024459838868,0.0241333227604627,0.0132155865430831,3.124198701698333e-05,0.957638680934906,0.9791842699050904
ntl_chip_Inongo_1007,29.169340133666992,0.625746488571167,0.0347961522638797,0.0256363078951835,2.4694891180843115e-06,0.4356152415275574,0.6708410978317261
ntl_chip_Irshava_391,31.986343383789062,0.865071177482605,0.0251581873744726,0.0159744229167699,-3.080604074057192e-05,0.8980943560600281,0.9502387046813964
ntl_chip_Isangel_635,38.2596435546875,0.9135276079177856,0.0122180869802832,0.0078381700441241,2.1638625185005367e-06,0.7689404487609863,0.8815970420837402
ntl_chip_Itaperucu_907,29.93221664428711,0.8478825688362122,0.0318703651428222,0.0204657651484012,-1.7799560737330467e-05,0.9805731773376464,0.990308940410614
ntl_chip_Jabonga_65,30.889623641967773,0.7549551725387573,0.0285440851002931,0.0189061164855957,-5.006054198020138e-05,0.7639618515968323,0.8770552277565002
ntl_chip_Jafarabad_1593,33.35939407348633,0.8435818552970886,0.0214795693755149,0.0141216069459915,2.685467916307971e-05,0.9064301252365112,0.9527186751365662
ntl_chip_Jieshou_1128,31.610355377197266,0.8883466720581055,0.0262711495161056,0.016589980572462,-3.9910119085107e-06,0.9615772366523744,0.9810261726379396
ntl_chip_Johnston_542,29.98546600341797,0.8917575478553772,0.0316755771636962,0.0189785286784172,-1.0753472452051938e-05,0.9748756885528564,0.9875098466873168
ntl_chip_Kadiana_1901,27.131845474243164,0.6056328415870667,0.0439953282475471,0.0322338640689849,1.368994708172977e-05,0.6706241369247437,0.823135495185852
ntl_chip_Kaedi_1923,33.579345703125,0.7843479514122009,0.0209424644708633,0.0152814490720629,2.188668440794572e-05,0.732426643371582,0.8610058426856995
ntl_chip_Kamikawa_1744,31.85765838623047,0.866898238658905,0.0255337003618478,0.0163318943232297,-6.290611781878397e-05,0.9613853096961976,0.9807412624359132
ntl_chip_Kaoni_1490,31.71288299560547,0.8509566783905029,0.0259628687053918,0.0177995525300502,7.272935181390494e-05,0.9295976161956788,0.9650533199310304
ntl_chip_Kincardine_981,34.1602783203125,0.896478533744812,0.0195875614881515,0.0109307188540697,5.869143933523446e-05,0.916541576385498,0.9584758281707764
ntl_chip_Kovrov_237,27.032201766967773,0.7286918759346008,0.0445029586553573,0.0298381280153989,4.6568980906158686e-05,0.8520007133483887,0.9244629740715028
ntl_chip_Kraslava_1818,27.685321807861328,0.6806032657623291,0.0412793196737766,0.0309153478592634,3.803917934419587e-05,0.6323409080505371,0.8074305057525635
ntl_chip_Krasnoarmeysk_217,37.43229675292969,0.9579483866691588,0.0134391924366354,0.0055589000694453,3.719221422215924e-05,0.8490057587623596,0.9224641919136048
ntl_chip_Krasnodon_409,34.07760238647461,0.9222242832183838,0.0197749026119709,0.0103722447529435,-2.0271632820367813e-05,0.9312130212783812,0.9661928415298462
ntl_chip_Kristianstad_263,29.189245223999023,0.814113974571228,0.0347164943814277,0.0220219958573579,2.399693039478734e-05,0.8985992670059204,0.9494313597679138
ntl_chip_Ksar_Belezma_1272,29.079858779907227,0.8910861611366272,0.0351564660668373,0.0194178894162178,-9.073729597730562e-05,0.931846797466278,0.966816782951355
ntl_chip_KwaDukuza_658,32.468074798583984,0.913174331188202,0.0238008461892604,0.0131841246038675,2.031818439718336e-06,0.9553288221359252,0.977969527244568
ntl_chip_Laurel_462,29.889720916748047,0.8933353424072266,0.0320266708731651,0.0183043591678142,-6.697596836602315e-05,0.9713472723960876,0.9857475161552428
ntl_chip_Lobamba_301,32.504173278808594,0.891213059425354,0.0237021408975124,0.0142227606847882,-1.1108622857136652e-05,0.9623581767082214,0.9813435673713684
ntl_chip_Los_Blancos_683,37.19013977050781,0.9264304637908936,0.0138191562145948,0.0074697914533317,-2.3166443497757427e-05,0.7195842266082764,0.8605859875679016
ntl_chip_Mahadeopur_1616,31.386695861816406,0.7705277800559998,0.0269564222544431,0.0186792276799678,-4.002449350082316e-05,0.8051170706748962,0.9000459313392639
ntl_chip_Manlio_Fabio_Altamirano_1963,30.58086395263672,0.8258461952209473,0.0295770168304443,0.0193045455962419,7.597333024023101e-05,0.9643648862838744,0.9822182655334472
ntl_chip_Mao_305,24.83016586303711,0.5074628591537476,0.057344414293766,0.0441858805716037,6.978167220950127e-06,0.4818446636199951,0.7025899887084961
ntl_chip_Marsberg_1236,30.32065963745117,0.8568509817123413,0.030476476997137,0.0171767976135015,4.8776069888845086e-05,0.8959499597549438,0.9481139183044434
ntl_chip_Mata_Roma_857,36.004329681396484,0.9180381298065186,0.015840720385313,0.0087482770904898,2.039978062384762e-05,0.921838879585266,0.9614805579185486
ntl_chip_Mechta_Ouled_Oulha_1279,29.101119995117188,0.8895559906959534,0.035070527344942,0.0209760647267103,1.329782207903918e-05,0.9222553968429564,0.962352216243744
ntl_chip_Medinipur_1672,29.564817428588867,0.8033276796340942,0.0332473628222942,0.0201585255563259,7.109451689757407e-05,0.909385085105896,0.9541202783584596
ntl_chip_Mingjiujie_1053,29.33197021484375,0.7250410318374634,0.0341507047414779,0.0226092059165239,2.6022680685855448e-05,0.843781590461731,0.9191956520080566
ntl_chip_Molinella_1727,27.827800750732425,0.8578073978424072,0.0406077206134796,0.0266510210931301,0.0001250738860107,0.9185821413993835,0.960478901863098
ntl_chip_Moncao_137,29.33890151977539,0.8561099767684937,0.0341234616935253,0.0220076516270637,-1.5063582395669071e-05,0.9463021159172058,0.973430335521698
ntl_chip_Mosquera_1168,28.144287109375,0.7518975138664246,0.0391547232866287,0.0176785849034786,0.0001012887223623,0.5199646949768066,0.7265334129333496
ntl_chip_Mpika_661,36.49121856689453,0.8927108645439148,0.014977159909904,0.0098453713580966,-4.348377842688933e-06,0.909382164478302,0.9547176361083984
ntl_chip_Muscle_Shoals_514,31.25276756286621,0.8767722249031067,0.0273752864450216,0.0161720197647809,1.918966881930828e-05,0.9543492794036864,0.9772720336914062
ntl_chip_Mutsamudu_1792,32.926055908203125,0.752680778503418,0.0225783847272396,0.017016164958477,4.333713150117546e-06,0.6221439838409424,0.7965043187141418
ntl_chip_My_Luong_626,24.99186515808105,0.767601490020752,0.0562867410480976,0.0348862260580062,3.762790584005416e-06,0.9176263809204102,0.958255648612976
ntl_chip_Nagpur_1654,31.01220703125,0.8281419277191162,0.0281440690159797,0.0180137325078248,2.257875894429162e-05,0.9445484280586244,0.9721080660820008
ntl_chip_Nairobi_1785,28.91082763671875,0.8412283658981323,0.0358473360538482,0.0239828936755657,3.707982250489295e-05,0.9688217639923096,0.9844354391098022
ntl_chip_Nang_Rong_326,23.882408142089844,0.6605823040008545,0.0639556795358657,0.0375682972371578,7.907261169748381e-05,0.6706057190895081,0.8234331011772156
ntl_chip_Nava_1965,33.81291961669922,0.9441876411437988,0.0203867815434932,0.0093910535797476,1.5637815522495657e-05,0.9732261896133424,0.9868361353874208
ntl_chip_Ndele_1013,22.051572799682617,0.8094322085380554,0.0789625272154808,0.0360308289527893,0.0004259785928297,0.8359928131103516,0.9154503345489502
ntl_chip_Noblesville_573,30.288450241088867,0.8743031024932861,0.0305896922945976,0.0201572049409151,2.622199826873839e-05,0.977496325969696,0.9887969493865968
ntl_chip_Nogliki_173,34.58583068847656,0.8753811120986938,0.0186510067433118,0.0101753212511539,2.9289369194884785e-05,0.867583692073822,0.9323824644088744
ntl_chip_North_Little_Rock_562,29.450279235839844,0.8807560205459595,0.0336886905133724,0.0212373193353414,-1.0107487469213083e-05,0.9636856913566588,0.982013463973999
ntl_chip_Nova_Ponte_869,31.85472679138184,0.8789878487586975,0.0255423206835985,0.0122155901044607,-1.632553176023066e-05,0.8540903329849243,0.92993426322937
ntl_chip_Noya_1316,28.711395263671875,0.8422036170959473,0.0366799384355545,0.0234400387853384,-1.9976956536993384e-05,0.9163941144943236,0.9589117765426636
ntl_chip_Palmira_1204,35.811038970947266,0.9013984799385072,0.0161971971392631,0.0101761128753423,-2.743643563007936e-05,0.9108054637908936,0.9557517170906068
ntl_chip_Panabo_96,25.875732421875,0.7194623947143555,0.0508408099412918,0.0317585840821266,6.898508581798524e-05,0.90833580493927,0.9535263180732728
ntl_chip_Panamaram_1545,29.05520248413086,0.6848935484886169,0.0352564118802547,0.0266213100403547,-5.184527253732085e-06,0.7912907600402832,0.8912642598152161
ntl_chip_Paripiranga_891,34.27569580078125,0.8941212296485901,0.019328998401761,0.0121309198439121,-3.982298221671954e-05,0.94684100151062,0.9736102819442748
ntl_chip_Paris_425,33.642330169677734,0.8973666429519653,0.0207911487668752,0.0120882550254464,-5.382294330047444e-05,0.9207330346107484,0.9606947302818298
ntl_chip_Pataskala_518,29.951696395874023,0.8717531561851501,0.0317989662289619,0.0211194735020399,-7.73568099248223e-05,0.9738826751708984,0.9870267510414124
ntl_chip_Patera_1543,30.131895065307617,0.7233085036277771,0.0311460476368665,0.0227627642452716,-5.793115997221321e-05,0.8353083729743958,0.9152351021766664
ntl_chip_Plouzane_1372,31.286941528320312,0.8445273637771606,0.0272677987813949,0.015815706923604,7.112794264685363e-07,0.9308643341064452,0.9655119776725768
ntl_chip_Polyarnyye_Zori_195,80.0,0.999988615512848,9.999999974752427e-07,0.0,0.0,1.0,0.0
ntl_chip_Porta_Westfalica_1249,29.905969619750977,0.8433232307434082,0.03196682035923,0.0199358109384775,2.0361698261694983e-05,0.9221142530441284,0.9612111449241638
ntl_chip_Prichard_516,29.414745330810547,0.8849797248840332,0.0338267907500267,0.0202432759106159,0.0001041365321725,0.9655935168266296,0.982919454574585
ntl_chip_Pueblo_Nuevo_1190,31.133739471435547,0.8159797787666321,0.0277530178427696,0.0161953940987586,-5.740780761698261e-05,0.7758738994598389,0.8840811252593994
ntl_chip_Puerto_Suarez_795,34.04100036621094,0.887512743473053,0.019858406856656,0.0113203022629022,3.650032158475369e-05,0.9560723304748536,0.9783013463020324
ntl_chip_Pul-e_Khumri_673,35.524871826171875,0.8909168839454651,0.0167397353798151,0.0109464228153228,7.360264135058969e-06,0.9305174946784972,0.9654581546783448
ntl_chip_Radyvyliv_395,31.06375503540039,0.7799756526947021,0.0279775410890579,0.0180636420845985,-2.2780863218940794e-05,0.7226568460464478,0.857345461845398
ntl_chip_Raiyam_1550,31.98820304870605,0.8207942247390747,0.025152800604701,0.0174943339079618,-3.7172714655753225e-05,0.8469104766845703,0.923153042793274
ntl_chip_Remedios_1206,29.09817695617676,0.7095502614974976,0.0350824035704135,0.0250472780317068,1.3214284990681335e-05,0.8250803351402283,0.9109612703323364
ntl_chip_Rio_Grande_1264,30.689165115356445,0.8828713297843933,0.0292105097323656,0.0183548033237457,2.9766102670691907e-05,0.9674038290977478,0.9838981628417968
ntl_chip_Rio_Real_933,33.12105941772461,0.8941147327423096,0.0220771301537752,0.0126807512715458,-7.40120594855398e-05,0.9223316311836244,0.9620707631111144
ntl_chip_Rome_564,30.07782745361328,0.8973680138587952,0.0313405394554138,0.0164424236863851,0.0001233638176927,0.940631628036499,0.9705711603164672
ntl_chip_Sablayan_95,25.40728759765625,0.5597847700119019,0.0536580495536327,0.040482610464096,5.208693619351834e-05,0.6684525012969971,0.8202813267707825
ntl_chip_Salida_508,28.024730682373047,0.847565233707428,0.0396973975002765,0.0239990204572677,7.516545883845538e-05,0.956336796283722,0.978327214717865
ntl_chip_San_Antonio_Huista_1434,28.177291870117188,0.7474647760391235,0.0390062294900417,0.025281935930252,-5.978938133921474e-06,0.7752388119697571,0.8864202499389648
ntl_chip_San_Jose_del_Guaviare_1185,30.57676315307617,0.7049403190612793,0.0295909792184829,0.0211044326424598,-4.828380042454228e-06,0.7413287162780762,0.8636067509651184
ntl_chip_San_Juan_Lalana_1958,28.17451477050781,0.6364453434944153,0.0390187054872512,0.029451573267579,1.2152362614870071e-05,0.6726862788200378,0.8246090412139893
ntl_chip_Sandila_1641,30.571165084838867,0.7801398634910583,0.0296100564301013,0.0206625163555145,-8.779781637713313e-06,0.8663301467895508,0.9326160550117492
ntl_chip_Sao Joao de Ver_134,28.12193298339844,0.8159258961677551,0.0392556227743625,0.0275522600859403,-1.8423121218802407e-05,0.9653554558753968,0.982764720916748
ntl_chip_Sao_Miguel_do_Araguaia_902,38.09571075439453,0.925723135471344,0.0124508878216147,0.0075745088979601,-2.4448963813483715e-06,0.8982361555099487,0.9496945142745972
ntl_chip_Sassenage_1378,31.518932342529297,0.9104743003845216,0.026549132540822,0.0136910490691661,-3.0442079150816426e-06,0.9502381086349488,0.9754889607429504
ntl_chip_Savissivik_1422,80.0,0.999988615512848,9.999999974752427e-07,0.0,0.0,1.0,0.0
ntl_chip_Segala_Mba_1911,19.77152442932129,0.4567113518714905,0.1026652604341507,0.0797579586505889,-0.0001813233393477,0.6289552450180054,0.7961131930351257
ntl_chip_Serafina_Corea_854,30.258708953857425,0.88588947057724,0.0306946244090795,0.0157850887626409,0.0001255577080883,0.9077199697494508,0.9553087949752808
ntl_chip_Shuinancun_1050,31.23927116394043,0.858252227306366,0.0274178627878427,0.0180208832025527,2.4184584617614743e-05,0.968582570552826,0.984384536743164
ntl_chip_Shumanay_609,34.41645812988281,0.8893051147460938,0.0190182756632566,0.0112464651465415,-1.3820823369314894e-05,0.8830292224884033,0.9417487978935242
ntl_chip_Silute_1816,31.535127639770508,0.7722746729850769,0.0264996737241745,0.0186856389045715,-4.211051418678835e-05,0.8015068769454956,0.8978875279426575
ntl_chip_Simav_359,29.71774101257324,0.8444247245788574,0.0326671302318573,0.017368322238326,-3.831668436760083e-06,0.8531138896942139,0.9279593229293824
ntl_chip_Smolensk_244,30.250511169433597,0.8285117745399475,0.0307236034423112,0.0193892456591129,2.577080886112526e-05,0.9450002312660216,0.9724781513214112
ntl_chip_Solon_1060,34.06832504272461,0.7998194098472595,0.019796036183834,0.0147437434643507,-5.504019100044388e-06,0.5976244211196899,0.781302273273468
ntl_chip_South_Jordan_596,29.03530502319336,0.8780477046966553,0.0353372693061828,0.0210261829197406,-1.4940706023480743e-05,0.9711313247680664,0.9856369495391846
ntl_chip_South_Sioux_City_446,32.90127182006836,0.9153665900230408,0.0226429142057895,0.0122739607468247,-3.682164242491126e-05,0.9678609371185304,0.9840853214263916
ntl_chip_Sroda Wielkopolska_126,28.797452926635746,0.8328737020492554,0.0363183170557022,0.0238459557294845,3.718605148606002e-05,0.9284767508506776,0.96461284160614
ntl_chip_St_Helens_486,29.98697280883789,0.90523362159729,0.031670082360506,0.0178302004933357,-0.0001105252231354,0.971827268600464,0.986039102077484
ntl_chip_Sukkur_109,34.184207916259766,0.9022652506828308,0.0195336695760488,0.0124224741011857,-3.244596882723272e-06,0.969745397567749,0.9850093722343444
ntl_chip_Takieta_1998,23.52179527282715,0.5295098423957825,0.0666668266057968,0.0500511080026626,-5.597065319307149e-05,0.580493688583374,0.7675838470458984
ntl_chip_Tan_Phong_627,27.5792236328125,0.7679864168167114,0.0417866483330726,0.0270760618150234,6.023690730216913e-05,0.9048676490783693,0.951842963695526
ntl_chip_Tangshan_1116,30.14420509338379,0.8687192797660828,0.0311019457876682,0.0203981511294841,-4.471875581657514e-05,0.9681475162506104,0.984151303768158
ntl_chip_Terrier_Rouge_1447,34.627235412597656,0.9151546359062196,0.01856230199337,0.0098887588828802,-8.28733027447015e-06,0.894553542137146,0.9482616782188416
ntl_chip_Tianmingsi_1070,33.221527099609375,0.8953598737716675,0.0218232367187738,0.0127970362082123,7.020872726570815e-05,0.96966153383255,0.9848586916923524
ntl_chip_Tiaret_1285,30.412206649780277,0.9019978642463684,0.0301569458097219,0.013901955448091,-3.866916813421994e-06,0.9244177937507628,0.9632523655891418
ntl_chip_Tinogasta_693,36.87427520751953,0.9294560551643372,0.014330974780023,0.0078330794349312,3.7022182368673376e-06,0.9189493060112,0.9597626328468324
ntl_chip_Tissint_1831,32.99951934814453,0.7571223378181458,0.0223882291465997,0.0163655877113342,-1.3442469935398549e-05,0.55482017993927,0.756310760974884
ntl_chip_Trindade_290,26.960567474365234,0.6834964752197266,0.0448714941740036,0.0259898416697978,0.0001136959690484,0.7335554361343384,0.8584710955619812
ntl_chip_Tullahoma_512,31.39209747314453,0.8946942687034607,0.0269396603107452,0.0149280186742544,-2.525688796595205e-05,0.945022702217102,0.9729514718055724
ntl_chip_Tumby_Bay_730,35.414207458496094,0.8459038734436035,0.016954381018877,0.01193209271878,-1.9874860299751163e-06,0.62701416015625,0.8018903732299805
ntl_chip_Vanduvancheri_1486,30.445838928222656,0.7619335055351257,0.0300403945147991,0.0211003962904214,4.498741327552125e-05,0.8842946887016296,0.9411073327064514
ntl_chip_Vilattikulam_1566,28.686397552490234,0.7915159463882446,0.0367856621742248,0.0232416577637195,2.4341890821233392e-05,0.8379495143890381,0.9186925292015076
ntl_chip_Vilyeyka_974,27.013545989990234,0.6855157613754272,0.0445986501872539,0.0307993926107883,9.8890857771039e-05,0.7681124210357666,0.8790397644042969
ntl_chip_Visby_262,31.22056579589844,0.8767873048782349,0.0274769719690084,0.012159576639533,0.0001008434192044,0.9038344025611876,0.9512702226638794
ntl_chip_Wang_Nam_Yen_322,25.637096405029297,0.6689005494117737,0.052256990224123,0.0329822860658168,6.768648745492101e-06,0.7332751154899597,0.8592479825019836
ntl_chip_Weipa_742,34.44955062866211,0.9030885696411132,0.0189459472894668,0.0096755214035511,1.4341858332045376e-06,0.8292624950408936,0.91605544090271
ntl_chip_Wilrijk_763,27.787282943725582,0.8292245268821716,0.0407975949347019,0.0294494424015283,1.4447978173848242e-06,0.940808653831482,0.9706098437309264
ntl_chip_Wolfsberg_722,31.701814651489254,0.8874468803405762,0.025995971634984,0.0128718549385666,3.0224808142520487e-05,0.8436445593833923,0.9225994944572448
ntl_chip_Zhabinka_973,34.675411224365234,0.8725152611732483,0.0184596292674541,0.0118535310029983,-1.8618153262650598e-05,0.9392661452293396,0.9695576429367064
ntl_chip_Ziyodin_Shaharchasi_611,35.70067596435547,0.9382799863815308,0.0164043195545673,0.0087233884260058,-7.90391641203314e-06,0.9493423104286194,0.9749271273612976
