image_id,psnr_learned,ssim_learned,rmse_learned,mae_learned,bias_learned,r2_learned,pearson_learned,psnr_bicubic,ssim_bicubic,rmse_bicubic,mae_bicubic,bias_bicubic,r2_bicubic,pearson_bicubic
ntl_chip_Akpassi_785,22.891939163208008,0.6410674452781677,0.0716807767748832,0.052658125758171,-0.0020833958406001,0.5871844291687012,0.7666653394699097,22.08631706237793,0.4989906251430511,0.0786472856998443,0.0580221600830554,-8.554140367778018e-05,0.5030437707901001,0.7170436978340149
ntl_chip_Al_Mukalla_639,36.1128044128418,0.9313996434211732,0.0156441126018762,0.0095328260213136,1.668540789978579e-06,0.9725674390792848,0.9862520098686218,33.933326721191406,0.9048264622688292,0.0201061218976974,0.0113408360630273,4.104959953110665e-05,0.9546871781349182,0.9775879979133606
ntl_chip_Albuquerque_589,32.61017608642578,0.9452239274978638,0.0234146304428577,0.0130576314404606,-0.000778026995249,0.985457956790924,0.9927574992179872,29.879199981689453,0.9033891558647156,0.0320654921233654,0.0173241775482893,1.3179102097637951e-05,0.9727274179458618,0.9864434599876404
ntl_chip_Alfter_1247,32.07966232299805,0.923393487930298,0.024889338761568,0.0173825435340404,-0.0009743463015183,0.9697721004486084,0.9848344326019288,29.63573455810547,0.8573941588401794,0.0329770073294639,0.0229715593159198,3.243292303523049e-05,0.9469355940818788,0.9738729000091552
ntl_chip_Ambatomarina_1864,30.708818435668945,0.7629777789115906,0.0291444975882768,0.0209368616342544,-8.853249164531007e-05,0.6577522158622742,0.8111454844474792,29.766529083251957,0.6785785555839539,0.0324841476976871,0.0233078338205814,-2.1156916773179543e-05,0.5748223066329956,0.7655608057975769
ntl_chip_Ambohidanerana_1862,32.8795280456543,0.787412703037262,0.0226996671408414,0.0173236783593893,0.0001901065115816,0.6998149156570435,0.8367577195167542,31.583541870117188,0.7159963846206665,0.0263523738831281,0.0193780101835727,-3.2961132092168555e-05,0.5954338312149048,0.783399224281311
ntl_chip_Andribavontsona_1854,35.11188888549805,0.8329848647117615,0.0175549071282148,0.0135829159989953,-0.0001526490668766,0.6890410780906677,0.8302417993545532,33.962276458740234,0.778727650642395,0.0200392175465822,0.0152350030839443,2.1673655282938853e-05,0.5948017835617065,0.7831488847732544
ntl_chip_Anosiala_1888,33.75768280029297,0.8756658434867859,0.0205168481916189,0.0134974485263228,0.0001420437911292,0.9685382843017578,0.984182357788086,32.07196044921875,0.8337230086326599,0.024911418557167,0.0155103206634521,-1.446376700187102e-06,0.9536170959472656,0.976737141609192
ntl_chip_Ansfelden_721,33.514801025390625,0.9381465315818788,0.0210986640304327,0.0123597960919141,-0.0002890905598178,0.9682592749595642,0.9840763807296752,30.70326232910156,0.8852124810218811,0.0291631408035755,0.0163587462157011,4.093271854799241e-07,0.9393576979637146,0.970018744468689
ntl_chip_Aragarcas_885,38.18100738525391,0.9308086037635804,0.0123292123898863,0.0080770412459969,0.0005190911469981,0.9772113561630248,0.9886137247085572,36.067195892333984,0.910458505153656,0.0157264713197946,0.0093249343335628,-2.9668535717064515e-06,0.9629225134849548,0.9815802574157716
ntl_chip_Arambagh_1618,28.21186828613281,0.8129453063011169,0.038851261138916,0.0257114060223102,-0.0012447749031707,0.8569372296333313,0.92589271068573,27.120750427246094,0.7292231917381287,0.044051568955183,0.0298395007848739,8.25320603325963e-05,0.8160756826400757,0.9056591391563416
ntl_chip_Astrakhan_239,35.421173095703125,0.9568182229995728,0.0169407967478036,0.009314420633018,-0.0002325532695977,0.9835649728775024,0.991806983947754,32.19410705566406,0.9200336933135986,0.0245635472238063,0.012592626735568,-1.840460754465312e-06,0.9654470682144164,0.9828248023986816
ntl_chip_Awan Patti_100,35.34222412109375,0.9049798846244812,0.0170954838395118,0.012332278303802,-0.0013180968817323,0.9557957649230956,0.9778558611869812,33.55807876586914,0.8624728918075562,0.0209938064217567,0.0146954199299216,2.2762345906812698e-05,0.9333372116088868,0.9667511582374572
ntl_chip_Baixo_Guandu_905,35.75592422485352,0.9146926403045654,0.0163003038614988,0.0099713765084743,0.0002291504060849,0.9409914016723632,0.970204770565033,32.9814453125,0.8800418972969055,0.0224348604679107,0.0119496826082468,-2.977970871143043e-05,0.8882182836532593,0.9460296034812928
ntl_chip_Bamukumbit_1039,26.59644317626953,0.7449184060096741,0.0467925630509853,0.0320940539240837,-0.0002283590147271,0.7750648856163025,0.8806551098823547,25.54185104370117,0.6262769103050232,0.0528331734240055,0.0379789695143699,0.0001853723224485,0.7132410407066345,0.8482465147972107
ntl_chip_Bareilly_1663,32.73268127441406,0.8635799884796143,0.0230867061764001,0.0163566395640373,-0.0012772554764524,0.954565405845642,0.9771189093589784,31.23172378540039,0.8057542443275452,0.0274416990578174,0.0188898276537656,2.9116214136593044e-05,0.935807466506958,0.9676917791366576
ntl_chip_Barletta_1738,33.79684829711914,0.9542276859283448,0.0204245503991842,0.0106977019459009,-0.0002180939045501,0.980147123336792,0.9900745749473572,30.834259033203125,0.922208607196808,0.0287266112864017,0.0143185015767812,1.1842334060929716e-05,0.9607276320457458,0.9807726740837096
ntl_chip_Barstow_530,35.53856658935547,0.957275688648224,0.0167133603245019,0.0077238311059772,0.0001513604074716,0.9585834741592408,0.9792107939720154,32.81858825683594,0.936089277267456,0.022859489545226,0.009639136493206,-3.9572718378622085e-05,0.9225218892097472,0.962029993534088
ntl_chip_Bedourie_725,27.8669548034668,0.687849760055542,0.0404250882565975,0.0313794091343879,-0.0022964621894061,0.5385963916778564,0.7350876331329346,26.976842880249023,0.5595568418502808,0.0447874926030635,0.034693818539381,-1.490249633206986e-05,0.4336401224136352,0.672383189201355
ntl_chip_Belazao_1863,33.30400085449219,0.811252236366272,0.0216169916093349,0.0159439519047737,0.0001259594719158,0.86370450258255,0.9294429421424866,32.08125305175781,0.747668445110321,0.0248847883194684,0.0179512053728103,6.768666935386136e-06,0.8193828463554382,0.9067152738571168
ntl_chip_Beloozerskiy_192,26.19220352172852,0.8374316692352295,0.0490217693150043,0.0337402820587158,-0.0016261471901088,0.8943579792976379,0.9458417296409608,24.80886650085449,0.7497995495796204,0.0574851892888546,0.0403368584811687,-0.0001389178796671,0.8547317981719971,0.9265084266662598
ntl_chip_Bidur_1988,29.68240737915039,0.8187314867973328,0.0328002870082855,0.0233236588537693,-0.0009600791963748,0.9480098485946656,0.9737331867218018,27.942716598510746,0.7452628016471863,0.0400740057229995,0.0278647597879171,-4.0266691939905286e-05,0.9223946928977966,0.9610791802406312
ntl_chip_Bilenke_394,26.546646118164062,0.7215939164161682,0.0470616109669208,0.0369297824800014,-0.0043570385314524,0.6126701831817627,0.78485506772995,25.54259490966797,0.5742181539535522,0.0528286471962928,0.0416650064289569,-5.769747076556087e-05,0.511925220489502,0.7278629541397095
ntl_chip_Borgampad_1500,32.35309219360352,0.8453227877616882,0.0241180229932069,0.0164786614477634,-0.0002789838472381,0.9238951802253724,0.9612537026405334,30.982250213623047,0.7854295372962952,0.0282413009554147,0.0189553648233413,-1.1164867828483692e-05,0.8956485986709595,0.947124719619751
ntl_chip_Brejo_da_Madre_de_Deus_943,36.18808364868164,0.9393522143363952,0.0155091034248471,0.009479203261435,-9.927409701049328e-05,0.9673131704330444,0.9835696816444396,33.59796142578125,0.9055084586143494,0.020897626876831,0.0115865273401141,-2.117061376338825e-05,0.940653681755066,0.9708755612373352
ntl_chip_Bubanza_779,34.99365997314453,0.8658334612846375,0.0177955031394958,0.0129007939249277,-0.000286592694465,0.9538029432296752,0.976736068725586,33.335418701171875,0.819696843624115,0.021538944914937,0.0148236081004142,1.537612479296513e-05,0.9323227405548096,0.965883493423462
ntl_chip_Bucak_365,33.84380340576172,0.9431129693984984,0.020314423367381,0.0115254148840904,-0.0003986644733231,0.9502255320549012,0.974993109703064,30.91501235961914,0.8875540494918823,0.0284607727080583,0.0156082119792699,-0.0001540817465865,0.9023007750511168,0.9527959823608398
ntl_chip_Burglengenfeld_1235,32.26853561401367,0.9148773550987244,0.0243539586663246,0.0153898950666189,-0.0004573172482196,0.960360586643219,0.9800480008125304,29.625635147094727,0.8547441363334656,0.0330153778195381,0.0200823079794645,1.765720844559837e-05,0.9271515607833862,0.9641096591949464
ntl_chip_Buriti_do_Tocantins_815,35.73482131958008,0.9041239619255066,0.016339948400855,0.0102976793423295,0.0001497364137321,0.902428388595581,0.9502755999565125,32.995113372802734,0.8649114370346069,0.0223995875567197,0.0122381094843149,-1.238704498973675e-05,0.816641092300415,0.9113082885742188
ntl_chip_Buug_82,29.881778717041016,0.7470016479492188,0.0320559777319431,0.0214342847466468,-0.000712388602551,0.6653627157211304,0.8159241080284119,28.84100151062012,0.6706889867782593,0.0361366830766201,0.0242215096950531,1.95737520698458e-05,0.5747416615486145,0.7662580609321594
ntl_chip_Cadale_282,25.113439559936523,0.657365620136261,0.055504385381937,0.0425193235278129,-0.0035193422809243,0.589165210723877,0.7686672806739807,24.307090759277344,0.5114302039146423,0.0609038583934307,0.046844732016325,-7.294065289897844e-05,0.5053452253341675,0.7174889445304871
ntl_chip_Cadiz_1339,33.67826461791992,0.9587897658348083,0.0207053087651729,0.0111034708097577,-0.0005616199923679,0.9858505725860596,0.992965042591095,30.659019470214844,0.9305464625358582,0.0293120648711919,0.0150659848004579,2.919890721386764e-05,0.9716424942016602,0.9861494898796082
ntl_chip_Canarana_I_872,39.792598724365234,0.9423055648803712,0.0102411666885018,0.0068732416257262,0.0004920846549794,0.9558782577514648,0.97784161567688,37.8607292175293,0.924704611301422,0.0127923469990491,0.0078631490468978,-1.2021650036331266e-05,0.931157886981964,0.966061234474182
ntl_chip_Cantonment_108,34.89923095703125,0.9439866542816162,0.0179900228977203,0.0126921720802783,-0.0026667164638638,0.9905542731285096,0.9953988194465636,32.66412353515625,0.8975884318351746,0.0232696458697319,0.0164355169981718,3.024700708920136e-05,0.9841966032981871,0.9921429753303528
ntl_chip_Carlos_Casares_697,38.64912414550781,0.9517344832420348,0.0116822915151715,0.0065102875232696,0.0005102076102048,0.9463330507278442,0.9730339646339417,36.28261184692383,0.9344916343688964,0.0153412297368049,0.0075165517628192,-5.536192475119606e-06,0.9074510931968688,0.9546763300895692
ntl_chip_Chencha_1340,27.16399383544922,0.723497748374939,0.0438327938318252,0.0317388735711574,-0.0008167849155142,0.7404232025146484,0.8606744408607483,26.213523864746094,0.6131616830825806,0.0489015765488147,0.0358392149209976,-5.037058144807816e-06,0.676917552947998,0.8265378475189209
ntl_chip_Chengam_1585,28.79819869995117,0.7968126535415649,0.0363151952624321,0.0255993213504552,-0.0010671018389984,0.8779060244560242,0.9370826482772828,27.758981704711918,0.708899736404419,0.0409307442605495,0.028744013980031,8.786981925368309e-05,0.8448982834815979,0.920017659664154
ntl_chip_Cherutana_Tekku_1508,32.867759704589844,0.8835864067077637,0.0227304343134164,0.0162477176636457,-0.0015029482310637,0.9757290482521056,0.9878759384155272,31.20332717895508,0.8305344581604004,0.0275315549224615,0.019305745139718,3.724171983776614e-05,0.9643931984901428,0.9821986556053162
ntl_chip_Ciudad_del_Plata_608,32.99720001220703,0.9364320635795592,0.0223942026495933,0.0126917222514748,-0.0005803213571198,0.9873855710029602,0.9937132000923156,30.41107177734375,0.89726722240448,0.0301608759909868,0.0163361150771379,-1.636203523958102e-05,0.9771184921264648,0.9886230826377868
ntl_chip_Cloppenburg_1251,32.19232177734375,0.9148143529891968,0.0245685949921607,0.0141418101266026,-0.0002377344499109,0.917333960533142,0.9578644037246704,29.5874137878418,0.8587363362312317,0.0331609733402729,0.0180841647088527,-3.849073254968971e-05,0.8494013547897339,0.925761878490448
ntl_chip_Covington_418,34.86913299560547,0.9426565766334534,0.0180524699389934,0.010356830433011,-0.0003954540006816,0.9642205834388732,0.9821078777313232,31.961877822875977,0.902016580104828,0.0252291522920131,0.0136498352512717,-3.734624988283031e-05,0.930117964744568,0.9658697247505188
ntl_chip_Cuapiaxtla_de_Madero_1935,28.91883850097656,0.9011663794517516,0.0358142964541912,0.023098949342966,-0.0010637906379997,0.9429086446762084,0.971143364906311,26.370126724243164,0.8283074498176575,0.0480278059840202,0.0303711853921413,-5.484798748511821e-05,0.8973301649093628,0.9500924944877625
ntl_chip_Cunupia_380,31.83332252502441,0.9281285405158995,0.0256053414195776,0.016813475638628,-0.0010600266978144,0.985264539718628,0.9926581382751464,29.0517520904541,0.8774251937866211,0.0352704226970672,0.0226226542145013,6.429381028283387e-05,0.972040832042694,0.9861807227134703
ntl_chip_Currumbin_726,33.78932189941406,0.9511353373527528,0.0204422511160373,0.0105431526899337,-0.0002603945904411,0.9813830256462096,0.9907070398330688,31.188751220703125,0.9217634797096252,0.0275778006762266,0.0135822296142578,-3.77749529434368e-06,0.9661179184913636,0.9831429719924928
ntl_chip_Cuttack_1651,32.344608306884766,0.8851513862609863,0.0241415910422801,0.0167339816689491,-0.0009434038656763,0.9705821871757508,0.9852473735809326,30.549076080322266,0.8229262828826904,0.0296854600310325,0.0201342683285474,5.781483196187764e-06,0.9555198550224304,0.9777445793151855
ntl_chip_Dabou_1027,31.696678161621094,0.8543579578399658,0.026011349633336,0.0162632465362548,-0.0002537342079449,0.9364458918571472,0.9677438139915466,30.57343292236328,0.8029265403747559,0.0296023301780223,0.018193881958723,-8.029134187381715e-05,0.9176867604255676,0.9583743810653688
ntl_chip_Dadukou_1109,24.010692596435547,0.726701557636261,0.0630180463194847,0.0402389913797378,-0.000815282750409,0.7775557041168213,0.8819674253463745,23.10722541809082,0.6175268888473511,0.0699259340763092,0.0460739769041538,9.579560719430448e-05,0.7261151075363159,0.8548870086669922
ntl_chip_Datori_784,24.02377700805664,0.6608116626739502,0.062923178076744,0.046511348336935,-0.0008889567106962,0.660504937171936,0.812916100025177,23.07205390930176,0.5117056965827942,0.07020965218544,0.0521501936018466,7.219964754767716e-05,0.5773258209228516,0.7649813294410706
ntl_chip_Denan_1346,31.638896942138672,0.7559765577316284,0.0261849630624055,0.0203412771224975,-0.0016088373959064,0.5383365154266357,0.7350736260414124,30.771923065185547,0.670537531375885,0.028933523222804,0.02253326959908,-4.378016456030309e-07,0.4363309741020202,0.6751811504364014
ntl_chip_Dhariwal_1577,34.94390106201172,0.9108655452728271,0.0178977381438016,0.0130309602245688,-0.0017485599964857,0.9515251517295836,0.975774586200714,33.06357955932617,0.8571561574935913,0.0222237147390842,0.0157974679023027,-0.0001207757013617,0.9252599477767944,0.9628556370735168
ntl_chip_Dire_1898,28.522388458251957,0.6893001198768616,0.0374868549406528,0.0292259007692337,-0.0001328576763626,0.6971296072006226,0.835014283657074,27.596742630004883,0.5718724727630615,0.0417024530470371,0.0326454825699329,3.3219694159924984e-05,0.625180721282959,0.7948555946350098
ntl_chip_Divinopolis_963,31.55684471130371,0.9236485362052916,0.0264334995299577,0.0141341527923941,-0.0003638858906924,0.9681382179260254,0.984037458896637,29.291316986083984,0.8760936260223389,0.0343109183013439,0.0178634524345397,8.749972039368004e-06,0.9463183879852296,0.9734333157539368
ntl_chip_Dom_Pedrito_942,39.211570739746094,0.928712785243988,0.0109497318044304,0.0078265089541673,0.0003685714909806,0.9565605521202089,0.9781306385993958,37.48384475708008,0.9058496952056884,0.0133596658706665,0.0089139947667717,-5.202680767979473e-06,0.935335099697113,0.9679323434829712
ntl_chip_Douar_Ras_el_Ksar_1834,40.22442626953125,0.9589673280715942,0.0097444141283631,0.006163359619677,0.0004369403759483,0.981754720211029,0.9909221529960632,38.01670455932617,0.9441689252853394,0.0125646665692329,0.0071447915397584,2.6311194233130664e-05,0.969665229320526,0.9849929809570312
ntl_chip_El Crucero_8,32.112937927246094,0.9024947881698608,0.0247941762208938,0.0154821071773767,-0.0005568243796005,0.9735655188560486,0.986751914024353,30.00680160522461,0.850200891494751,0.0315978601574897,0.0191635265946388,3.3770276786526665e-05,0.9570674300193788,0.978630781173706
ntl_chip_El_Seibo_1266,34.476524353027344,0.9141407012939452,0.0188872069120407,0.0115302987396717,-0.0002811306912917,0.9485989809036256,0.97412770986557,32.221343994140625,0.8741631507873535,0.0244866330176591,0.0138262016698718,-6.25065149506554e-05,0.9136038422584534,0.9578140377998352
ntl_chip_Engandiyur_1606,33.455936431884766,0.8752155303955078,0.0212421417236328,0.0155663453042507,-0.0010780612938106,0.9705836176872252,0.9852620363235474,31.85601234436035,0.81801837682724,0.0255385395139455,0.0183143205940723,-1.7661601305007935e-05,0.957480788230896,0.9786609411239624
ntl_chip_Eqbaliyeh_1697,31.720638275146484,0.9306243062019348,0.0259396973997354,0.0163305252790451,-0.0009923207107931,0.9742335677146912,0.9870941042900084,28.521242141723636,0.8559815883636475,0.0374918095767498,0.022607060149312,-2.508789475541562e-05,0.946173369884491,0.9734413027763368
ntl_chip_Erzurum_377,34.699256896972656,0.9458460211753844,0.0184090174734592,0.0097972927615046,5.732908175559714e-05,0.977351188659668,0.9886592626571656,31.3680419921875,0.8958556652069092,0.0270143747329711,0.0131430504843592,-7.352122338488698e-06,0.951227605342865,0.9757798910140992
ntl_chip_Eydhafushi_1927,34.96306228637695,0.8882167339324951,0.017858300358057,0.0110074169933795,-7.310384535230696e-05,0.77149498462677,0.8786073923110962,32.89117431640625,0.8480622172355652,0.022669244557619,0.0125482995063066,-1.7802667571231725e-06,0.6317951679229736,0.8081485629081726
ntl_chip_Fontaine-lEveque_762,30.9782829284668,0.9092011451721193,0.0282542072236537,0.0179742537438869,-0.0006778714596293,0.9565963745117188,0.9781309962272644,28.67504119873047,0.8419604897499084,0.0368337854743003,0.0231260824948549,-3.452596138231456e-05,0.9262346625328064,0.963369369506836
ntl_chip_Forest_Hills_529,33.24216842651367,0.9309494495391846,0.0217714309692382,0.0140488464385271,-0.0010476941242814,0.9836806654930116,0.9918614625930786,30.714500427246094,0.879420280456543,0.0291254352778196,0.0182882435619831,2.7537716960068792e-05,0.970793843269348,0.9854902625083924
ntl_chip_Fotadrevo_1891,36.276145935058594,0.8609893321990967,0.0153526533395051,0.011477518826723,0.0001263806043425,0.5901058912277222,0.7684547305107117,35.15053176879883,0.8200863003730774,0.0174769796431064,0.0127619197592139,1.6029831385822035e-05,0.4688250422477722,0.7012097239494324
ntl_chip_Funadhoo_1926,35.75154113769531,0.9034010767936708,0.0163085237145423,0.0100596016272902,-1.0803380064317024e-05,0.8114473819732666,0.9010117650032043,33.280609130859375,0.8678027987480164,0.0216752849519252,0.0116503462195396,2.2602398530580103e-05,0.6669320464134216,0.8308095335960388
ntl_chip_Gaoping_1131,35.45347595214844,0.9466787576675416,0.016877906396985,0.0099777933210134,-0.0005798757774755,0.9863117337226868,0.9931799173355104,32.82731628417969,0.9154186844825744,0.0228365287184715,0.0125342411920428,-1.7279453459195793e-06,0.9749405980110168,0.987563967704773
ntl_chip_Gayeri_765,21.814189910888672,0.6157919764518738,0.0811503157019615,0.0616016536951065,-0.0018115286948159,0.669075071811676,0.8182246088981628,21.01804542541504,0.4614483714103699,0.0889400690793991,0.0685108751058578,-1.7691694665700197e-05,0.6024937629699707,0.7792609333992004
ntl_chip_Gisborne_34,38.08053588867188,0.9197552800178528,0.0124726649373769,0.0085863871499896,0.000292852288112,0.9458771347999572,0.972631573677063,36.09066390991211,0.8951352834701538,0.01568403840065,0.0098684914410114,-1.257126496057026e-05,0.914418876171112,0.9573237299919128
ntl_chip_Gosen_1773,34.37561798095703,0.9410903453826904,0.0191079080104827,0.0117209013551473,-0.0005073061329312,0.9786964058876038,0.9893479943275452,31.79276466369629,0.9007624387741088,0.0257251802831888,0.0150623396039009,6.333742931019515e-06,0.9613860845565796,0.9808850288391112
ntl_chip_Granadero_Baigorria_705,32.05979537963867,0.9480791091918944,0.024946330115199,0.0139722749590873,-0.0010831196559593,0.987030565738678,0.9935436844825744,29.264423370361328,0.9173696041107178,0.0344173125922679,0.0185481868684291,-2.364395186305046e-07,0.9753134250640868,0.9878329634666444
ntl_chip_Greenville_584,33.73469924926758,0.9209936857223512,0.0205712150782346,0.0136587545275688,-0.0008204240584746,0.973648726940155,0.986820638179779,31.306703567504883,0.8631114959716797,0.0272058229893445,0.0173955485224723,-6.217771442607045e-05,0.9539101123809814,0.9770549535751344
ntl_chip_Guaraciaba_do_Norte_937,32.912315368652344,0.9208959341049194,0.022614138200879,0.0128712831065058,-8.28129705041647e-05,0.9287594556808472,0.9638659954071044,29.97533416748047,0.8615219593048096,0.0317125543951988,0.0165714025497436,8.896166400518268e-05,0.8599027395248413,0.9317190051078796
ntl_chip_Guarei_879,32.57248306274414,0.917911410331726,0.0235164631158113,0.0130702927708625,-0.0002340768405701,0.9522939324378968,0.9759544730186462,29.92140769958496,0.8707900643348694,0.031910054385662,0.0164560079574584,-6.054680488887243e-05,0.9121615886688232,0.9566197991371156
ntl_chip_Gueoul_280,31.48043441772461,0.7761802077293396,0.0266670640558004,0.0201019179075956,9.001456783153117e-05,0.8866872191429138,0.9416856169700624,30.183507919311523,0.6993095874786377,0.0309615265578031,0.0226287264376878,7.878756150603294e-06,0.8472528457641602,0.9218990802764891
ntl_chip_Gurh_1574,33.22732162475586,0.872556746006012,0.0218086764216423,0.0159459263086318,-0.0010795921552926,0.9468786120414734,0.9731927514076232,31.715221405029297,0.8092392683029175,0.0259558763355016,0.018750425428152,3.689297591336072e-05,0.9247542023658752,0.9621480107307434
ntl_chip_Gurupi_948,36.676002502441406,0.9476333260536194,0.0146618857979774,0.0075432853773236,0.0004490354913286,0.9645227193832396,0.9822368621826172,33.854736328125,0.9280996322631836,0.0202888697385787,0.0089485039934515,3.848268534056842e-06,0.9320660829544068,0.9660660028457642
ntl_chip_Gyegu_1068,39.48273468017578,0.9426344633102416,0.0106131425127387,0.0066724456846714,0.000356363132596,0.9151040315628052,0.9569066762924194,38.01363754272461,0.927258551120758,0.0125691061839461,0.007534232456237,1.1894673662027344e-05,0.8809284567832947,0.9400805234909058
ntl_chip_Ha_Tinh_631,30.306303024291992,0.8430836796760559,0.0305268839001655,0.0188049804419279,-0.0005203069304116,0.8912619352340698,0.9441699981689452,28.819787979125977,0.7713764309883118,0.0362250469624996,0.0220042970031499,2.658212906681001e-05,0.8468791246414185,0.92154860496521
ntl_chip_Harij_1608,38.01491928100586,0.9414812326431274,0.0125672500580549,0.0084582334384322,-0.0002687480009626,0.9668054580688475,0.9833407402038574,35.94424819946289,0.9116001725196838,0.0159506741911172,0.0101181454956531,2.1547044525505044e-05,0.946525812149048,0.973513126373291
ntl_chip_Hayden_501,35.66205596923828,0.9524810314178468,0.0164774227887392,0.0094514954835176,-0.0002288627729285,0.9841803908348083,0.9920958876609802,33.054405212402344,0.9245233535766602,0.0222471989691257,0.011936386115849,6.876907718833536e-06,0.9711618423461914,0.985746681690216
ntl_chip_Heerhugowaard_20,30.10480117797852,0.8842793107032776,0.0312433559447526,0.0202517732977867,-0.0010986875277012,0.9594258666038512,0.9795634746551514,28.547901153564453,0.825059175491333,0.0373768992722034,0.0245591960847377,-4.210814950056374e-05,0.9419315457344056,0.9709977507591248
ntl_chip_Higashi-Matsuyama_1778,31.80413246154785,0.9247559309005736,0.0256915334612131,0.018294496461749,-0.002534900791943,0.9791299700737,0.9896465539932252,29.596240997314453,0.8605844974517822,0.0331272929906845,0.0234043467789888,1.7141304851975292e-05,0.9653011560440063,0.9827461838722228
ntl_chip_Huajiang_1097,32.72404098510742,0.8460981845855713,0.0231096744537353,0.0160669200122356,-0.0006005687755532,0.8894380927085876,0.9432356953620912,31.28429412841797,0.7840476036071777,0.0272761080414056,0.0183532498776912,-4.671725400839932e-05,0.8459780216217041,0.9215673208236694
ntl_chip_Huishi_1104,38.3289794921875,0.9288604259490968,0.0121209369972348,0.0081334263086318,0.0003057668509427,0.9380784034729004,0.968866765499115,36.29541397094727,0.9036023020744324,0.015318633057177,0.0094315912574529,5.462919943965972e-06,0.9010969400405884,0.9508745670318604
ntl_chip_Huozhou_1113,34.253395080566406,0.9247759580612184,0.019378688186407,0.0115465698763728,-0.0003447374620009,0.9557559490203856,0.9777567386627196,31.65485572814941,0.8845270872116089,0.0261368993669748,0.0143492557108402,-1.4418212231248615e-05,0.9195151329040528,0.9603607654571532
ntl_chip_Hyeres_1392,33.73412322998047,0.9549646377563475,0.0205725748091936,0.0110766952857375,-0.0004164557321928,0.980220377445221,0.9901273846626282,30.308151245117188,0.9199692606925964,0.0305203944444656,0.0154241919517517,4.848829848924652e-05,0.9564667344093324,0.9786991477012634
ntl_chip_Hyosha_1010,33.48940658569336,0.8051877021789551,0.0211604442447423,0.0158498659729957,-0.0002837470092345,0.7421163320541382,0.8615792989730835,32.33551788330078,0.7421121001243591,0.0241668727248907,0.0175868235528469,-1.5623256331309676e-05,0.6636315584182739,0.8193884491920471
ntl_chip_Ilaka_Atsinanana_1876,28.18498992919922,0.7193823456764221,0.0389716699719429,0.027436152100563,-0.0004439129552338,0.5847609043121338,0.7650163769721985,27.284364700317383,0.61644446849823,0.0432295389473438,0.0305126793682575,2.5085213565034792e-05,0.4890699982643127,0.7088358402252197
ntl_chip_Imzouren_1845,35.14192199707031,0.9437493085861206,0.01749431155622,0.0101978778839111,-0.0001864111691247,0.9777398109436036,0.9888720512390136,32.34758377075195,0.9077024459838868,0.0241333227604627,0.0132155865430831,3.124198701698333e-05,0.957638680934906,0.9791842699050904
ntl_chip_Inongo_1007,29.935590744018555,0.7188743352890015,0.0318579897284507,0.0234916433691978,-0.000254095532,0.5269037485122681,0.726091742515564,29.169340133666992,0.625746488571167,0.0347961522638797,0.0256363078951835,2.4694891180843115e-06,0.4356152415275574,0.6708410978317261
ntl_chip_Irshava_391,34.47771453857422,0.915884494781494,0.0188846159726381,0.0127058941870927,-0.0003474112891126,0.9425809383392334,0.9709540009498596,31.986343383789062,0.865071177482605,0.0251581873744726,0.0159744229167699,-3.080604074057192e-05,0.8980943560600281,0.9502387046813964
ntl_chip_Isangel_635,39.5434455871582,0.9315073490142822,0.0105392131954431,0.0070783607661724,0.0003855903050862,0.8280770182609558,0.9101210236549376,38.2596435546875,0.9135276079177856,0.0122180869802832,0.0078381700441241,2.1638625185005367e-06,0.7689404487609863,0.8815970420837402
ntl_chip_Itaperucu_907,32.26377868652344,0.9030537009239196,0.0243673026561737,0.0161676835268735,-0.0010795521084219,0.9886435270309448,0.9943453669548036,29.93221664428711,0.8478825688362122,0.0318703651428222,0.0204657651484012,-1.7799560737330467e-05,0.9805731773376464,0.990308940410614
ntl_chip_Jabonga_65,31.8736572265625,0.8020081520080566,0.025486709550023,0.016461007297039,-0.0015814859652891,0.8118182420730591,0.9014724493026732,30.889623641967773,0.7549551725387573,0.0285440851002931,0.0189061164855957,-5.006054198020138e-05,0.7639618515968323,0.8770552277565002
ntl_chip_Jafarabad_1593,34.666961669921875,0.8876626491546631,0.0184775963425636,0.012154197320342,-0.0002681653713807,0.9307570457458496,0.964823305606842,33.35939407348633,0.8435818552970886,0.0214795693755149,0.0141216069459915,2.685467916307971e-05,0.9064301252365112,0.9527186751365662
ntl_chip_Jieshou_1128,34.369590759277344,0.9383551478385924,0.0191211756318807,0.012480104342103,-0.001097388099879,0.9796455502510072,0.9898346066474916,31.610355377197266,0.8883466720581055,0.0262711495161056,0.016589980572462,-3.9910119085107e-06,0.9615772366523744,0.9810261726379396
ntl_chip_Johnston_542,32.717044830322266,0.9388738870620728,0.0231282971799373,0.0144353294745087,-0.0011390236904844,0.9866052865982056,0.9933239817619324,29.98546600341797,0.8917575478553772,0.0316755771636962,0.0189785286784172,-1.0753472452051938e-05,0.9748756885528564,0.9875098466873168
ntl_chip_Kadiana_1901,28.31891822814941,0.7242468595504761,0.0383753702044487,0.0284646470099687,-0.0001745214976835,0.7493983507156372,0.8658907413482666,27.131845474243164,0.6056328415870667,0.0439953282475471,0.0322338640689849,1.368994708172977e-05,0.6706241369247437,0.823135495185852
ntl_chip_Kaedi_1923,34.87325668334961,0.8370600938796997,0.0180439036339521,0.0136285508051514,0.0001332202809862,0.8013683557510376,0.8952893614768982,33.579345703125,0.7843479514122009,0.0209424644708633,0.0152814490720629,2.188668440794572e-05,0.732426643371582,0.8610058426856995
ntl_chip_Kamikawa_1744,33.97462844848633,0.9137643575668336,0.0200107414275407,0.0132557339966297,-0.0006330041214823,0.9762834310531616,0.9881518483161926,31.85765838623047,0.866898238658905,0.0255337003618478,0.0163318943232297,-6.290611781878397e-05,0.9613853096961976,0.9807412624359132
ntl_chip_Kaoni_1490,34.35747528076172,0.924477219581604,0.0191478580236434,0.0136151453480124,-0.0009949792874976,0.9617067575454712,0.9807503819465636,31.71288299560547,0.8509566783905029,0.0259628687053918,0.0177995525300502,7.272935181390494e-05,0.9295976161956788,0.9650533199310304
ntl_chip_Kincardine_981,36.78478240966797,0.9261141419410706,0.0144794005900621,0.0090081971138715,0.000238816748606,0.9543952345848083,0.9769753217697144,34.1602783203125,0.896478533744812,0.0195875614881515,0.0109307188540697,5.869143933523446e-05,0.916541576385498,0.9584758281707764
ntl_chip_Kovrov_237,28.282793045043945,0.8188995122909546,0.0385353155434131,0.0250141955912113,-0.0002751885913312,0.8890315294265747,0.9429577589035034,27.032201766967773,0.7286918759346008,0.0445029586553573,0.0298381280153989,4.6568980906158686e-05,0.8520007133483887,0.9244629740715028
ntl_chip_Kraslava_1818,28.93863296508789,0.7914459705352783,0.0357327722012996,0.0262141246348619,-0.0001662164868321,0.7245050668716431,0.8513175249099731,27.685321807861328,0.6806032657623291,0.0412793196737766,0.0309153478592634,3.803917934419587e-05,0.6323409080505371,0.8074305057525635
ntl_chip_Krasnoarmeysk_217,39.733009338378906,0.9708818793296814,0.0103116724640131,0.004822083748877,0.0005415248451754,0.9111060500144958,0.9548195004463196,37.43229675292969,0.9579483866691588,0.0134391924366354,0.0055589000694453,3.719221422215924e-05,0.8490057587623596,0.9224641919136048
ntl_chip_Krasnodon_409,36.828311920166016,0.9483429789543152,0.0144070126116275,0.0082936491817235,-3.720762106240727e-05,0.9634888172149658,0.9816701412200928,34.07760238647461,0.9222242832183838,0.0197749026119709,0.0103722447529435,-2.0271632820367813e-05,0.9312130212783812,0.9661928415298462
ntl_chip_Kristianstad_263,31.061824798583984,0.8797307014465332,0.0279837530106306,0.018034229055047,-0.0004087522102054,0.9341158270835876,0.9665400981903076,29.189245223999023,0.814113974571228,0.0347164943814277,0.0220219958573579,2.399693039478734e-05,0.8985992670059204,0.9494313597679138
ntl_chip_Ksar_Belezma_1272,32.24577713012695,0.9455890655517578,0.0244178567081689,0.0139897214248776,-0.0006108961533755,0.9671230912208556,0.9835121035575868,29.079858779907227,0.8910861611366272,0.0351564660668373,0.0194178894162178,-9.073729597730562e-05,0.931846797466278,0.966816782951355
ntl_chip_KwaDukuza_658,35.06615447998047,0.945786952972412,0.0176475811749696,0.0102625880390405,-0.0002443649573251,0.9754408597946168,0.9877075552940368,32.468074798583984,0.913174331188202,0.0238008461892604,0.0131841246038675,2.031818439718336e-06,0.9553288221359252,0.977969527244568
ntl_chip_Laurel_462,32.242069244384766,0.9327939748764038,0.0244282782077789,0.0143991559743881,-0.0008337232866324,0.983330249786377,0.9916898608207704,29.889720916748047,0.8933353424072266,0.0320266708731651,0.0183043591678142,-6.697596836602315e-05,0.9713472723960876,0.9857475161552428
ntl_chip_Lobamba_301,35.096126556396484,0.9317796230316162,0.0175867937505245,0.0112717589363455,-0.0003629649290814,0.9792762398719788,0.9896373152732848,32.504173278808594,0.891213059425354,0.0237021408975124,0.0142227606847882,-1.1108622857136652e-05,0.9623581767082214,0.9813435673713684
ntl_chip_Los_Blancos_683,38.84655380249024,0.941717267036438,0.0114197256043553,0.0066800513304769,0.0006791243795305,0.8085079193115234,0.9014586806297302,37.19013977050781,0.9264304637908936,0.0138191562145948,0.0074697914533317,-2.3166443497757427e-05,0.7195842266082764,0.8605859875679016
ntl_chip_Mahadeopur_1616,32.7396125793457,0.8330031633377075,0.0230682846158742,0.0164532642811536,-0.0003175250603817,0.8572816252708435,0.926021933555603,31.386695861816406,0.7705277800559998,0.0269564222544431,0.0186792276799678,-4.002449350082316e-05,0.8051170706748962,0.9000459313392639
ntl_chip_Manlio_Fabio_Altamirano_1963,32.62779235839844,0.8854328393936157,0.0233671888709068,0.0158215370029211,-0.0004634154611267,0.9777575731277466,0.9888622164726256,30.58086395263672,0.8258461952209473,0.0295770168304443,0.0193045455962419,7.597333024023101e-05,0.9643648862838744,0.9822182655334472
ntl_chip_Mao_305,25.65725517272949,0.6472580432891846,0.0521358512341976,0.0401694886386394,-0.0010647247545421,0.571697473526001,0.7563595771789551,24.83016586303711,0.5074628591537476,0.057344414293766,0.0441858805716037,6.978167220950127e-06,0.4818446636199951,0.7025899887084961
ntl_chip_Marsberg_1236,32.578025817871094,0.9112898111343384,0.0235014613717794,0.0138941733166575,-0.0001622832205612,0.938126802444458,0.9686514139175416,30.32065963745117,0.8568509817123413,0.030476476997137,0.0171767976135015,4.8776069888845086e-05,0.8959499597549438,0.9481139183044434
ntl_chip_Mata_Roma_857,38.59332656860352,0.9441595673561096,0.0117575777694582,0.0073552508838474,0.0003248387947678,0.9569397568702698,0.9782804250717164,36.004329681396484,0.9180381298065186,0.015840720385313,0.0087482770904898,2.039978062384762e-05,0.921838879585266,0.9614805579185486
ntl_chip_Mechta_Ouled_Oulha_1279,32.384864807128906,0.9466075897216796,0.0240299515426158,0.0145436581224203,-0.0006547842058353,0.9635001420974731,0.9816651344299316,29.101119995117188,0.8895559906959534,0.035070527344942,0.0209760647267103,1.329782207903918e-05,0.9222553968429564,0.962352216243744
ntl_chip_Medinipur_1672,30.80309295654297,0.8614007234573364,0.0288298707455396,0.0172866135835647,-0.0005624063778668,0.9318649172782898,0.9654039144515992,29.564817428588867,0.8033276796340942,0.0332473628222942,0.0201585255563259,7.109451689757407e-05,0.909385085105896,0.9541202783584596
ntl_chip_Mingjiujie_1053,30.282543182373047,0.7973957061767578,0.0306105073541402,0.0201578810811042,-0.0003387383476365,0.874491274356842,0.935269296169281,29.33197021484375,0.7250410318374634,0.0341507047414779,0.0226092059165239,2.6022680685855448e-05,0.843781590461731,0.9191956520080566
ntl_chip_Molinella_1727,30.92961883544922,0.933999240398407,0.0284129567444324,0.0185919851064682,-0.0010572080500423,0.9601401686668396,0.9799652099609376,27.827800750732425,0.8578073978424072,0.0406077206134796,0.0266510210931301,0.0001250738860107,0.9185821413993835,0.960478901863098
ntl_chip_Moncao_137,31.940547943115234,0.9245036244392396,0.025291183963418,0.0165314991027116,-0.0008572846418246,0.9705022573471068,0.9852240085601808,29.33890151977539,0.8561099767684937,0.0341234616935253,0.0220076516270637,-1.5063582395669071e-05,0.9463021159172058,0.973430335521698
ntl_chip_Mosquera_1168,28.991634368896484,0.8055635690689087,0.0355153828859329,0.0157240070402622,-0.0001050231803674,0.6050539016723633,0.7787489295005798,28.144287109375,0.7518975138664246,0.0391547232866287,0.0176785849034786,0.0001012887223623,0.5199646949768066,0.7265334129333496
ntl_chip_Mpika_661,38.23556518554688,0.9175682663917542,0.0122520076110959,0.0086280349642038,0.0003762295236811,0.9393585920333862,0.9692864418029784,36.49121856689453,0.8927108645439148,0.014977159909904,0.0098453713580966,-4.348377842688933e-06,0.909382164478302,0.9547176361083984
ntl_chip_Muscle_Shoals_514,33.73884201049805,0.9281350374221802,0.0205614063888788,0.012710154056549,-0.0006441883742809,0.9742465019226074,0.9870854020118712,31.25276756286621,0.8767722249031067,0.0273752864450216,0.0161720197647809,1.918966881930828e-05,0.9543492794036864,0.9772720336914062
ntl_chip_Mutsamudu_1792,33.97840118408203,0.8142905235290527,0.0200020465999841,0.0152225522324442,-0.000348961650161,0.7034558057785034,0.8388721942901611,32.926055908203125,0.752680778503418,0.0225783847272396,0.017016164958477,4.333713150117546e-06,0.6221439838409424,0.7965043187141418
ntl_chip_My_Luong_626,26.21712684631348,0.8476395606994629,0.0488813035190105,0.0294370558112859,-0.0018159272149205,0.9378756880760192,0.968524694442749,24.99186515808105,0.767601490020752,0.0562867410480976,0.0348862260580062,3.762790584005416e-06,0.9176263809204102,0.958255648612976
ntl_chip_Nagpur_1654,32.51970672607422,0.8836318850517273,0.0236597806215286,0.0155607238411903,-0.0011955071240663,0.9608112573623656,0.980316400527954,31.01220703125,0.8281419277191162,0.0281440690159797,0.0180137325078248,2.257875894429162e-05,0.9445484280586244,0.9721080660820008
ntl_chip_Nairobi_1785,31.03377342224121,0.9048736691474916,0.028074275702238,0.0191118028014898,-0.0015843692235648,0.9808770418167114,0.990459442138672,28.91082763671875,0.8412283658981323,0.0358473360538482,0.0239828936755657,3.707982250489295e-05,0.9688217639923096,0.9844354391098022
ntl_chip_Nang_Rong_326,24.94060516357422,0.7594788074493408,0.056619893759489,0.032896913588047,-0.0005788038833998,0.7418358325958252,0.8616634607315063,23.882408142089844,0.6605823040008545,0.0639556795358657,0.0375682972371578,7.907261169748381e-05,0.6706057190895081,0.8234331011772156
ntl_chip_Nava_1965,36.68095016479492,0.9636889100074768,0.0146535309031605,0.0074496828019618,6.363431020872667e-05,0.98616760969162,0.9931448698043824,33.81291961669922,0.9441876411437988,0.0203867815434932,0.0093910535797476,1.5637815522495657e-05,0.9732261896133424,0.9868361353874208
ntl_chip_Ndele_1013,23.15469741821289,0.8628062605857849,0.0695447921752929,0.0303232371807098,5.333975423127413e-05,0.8727815747261047,0.9346061944961548,22.051572799682617,0.8094322085380554,0.0789625272154808,0.0360308289527893,0.0004259785928297,0.8359928131103516,0.9154503345489502
ntl_chip_Noblesville_573,32.68346405029297,0.9304344058036804,0.0232178885489702,0.0155182043090462,-0.0016980927903205,0.9870356917381288,0.9935670495033264,30.288450241088867,0.8743031024932861,0.0305896922945976,0.0201572049409151,2.622199826873839e-05,0.977496325969696,0.9887969493865968
ntl_chip_Nogliki_173,36.02558517456055,0.9089235067367554,0.0158019959926605,0.0087550543248653,0.0001071764490916,0.904948115348816,0.9513549208641052,34.58583068847656,0.8753811120986938,0.0186510067433118,0.0101753212511539,2.9289369194884785e-05,0.867583692073822,0.9323824644088744
ntl_chip_North_Little_Rock_562,32.17580795288086,0.9378969073295592,0.0246153529733419,0.0156440697610378,-0.0013239663094282,0.9806125164031982,0.9903259873390198,29.450279235839844,0.8807560205459595,0.0336886905133724,0.0212373193353414,-1.0107487469213083e-05,0.9636856913566588,0.982013463973999
ntl_chip_Nova_Ponte_869,34.4815559387207,0.9141491055488586,0.0188762638717889,0.0102160274982452,0.0002787096309475,0.9203115701675416,0.9595431089401244,31.85472679138184,0.8789878487586975,0.0255423206835985,0.0122155901044607,-1.632553176023066e-05,0.8540903329849243,0.92993426322937
ntl_chip_Noya_1316,31.559850692749023,0.915235161781311,0.0264243502169847,0.0174990929663181,-0.0007443473441526,0.956610143184662,0.9781341552734376,28.711395263671875,0.8422036170959473,0.0366799384355545,0.0234400387853384,-1.9976956536993384e-05,0.9163941144943236,0.9589117765426636
ntl_chip_Palmira_1204,37.74278259277344,0.9293503165245056,0.0129672540351748,0.0086799915879964,-0.0001167331793112,0.942831814289093,0.971002161502838,35.811038970947266,0.9013984799385072,0.0161971971392631,0.0101761128753423,-2.743643563007936e-05,0.9108054637908936,0.9557517170906068
ntl_chip_Panabo_96,26.98564720153809,0.7937448024749756,0.0447421185672283,0.0271699540317058,-0.0015230906428769,0.9290082454681396,0.963937282562256,25.875732421875,0.7194623947143555,0.0508408099412918,0.0317585840821266,6.898508581798524e-05,0.90833580493927,0.9535263180732728
ntl_chip_Panamaram_1545,30.130556106567383,0.7726877927780151,0.0311508532613515,0.023752499371767,-0.0014493206981569,0.8370683789253235,0.9151739478111268,29.05520248413086,0.6848935484886169,0.0352564118802547,0.0266213100403547,-5.184527253732085e-06,0.7912907600402832,0.8912642598152161
ntl_chip_Paripiranga_891,36.38673782348633,0.929876744747162,0.0151584111154079,0.0102217309176921,-0.0002754987508524,0.9673061966896056,0.9835898280143738,34.27569580078125,0.8941212296485901,0.019328998401761,0.0121309198439121,-3.982298221671954e-05,0.94684100151062,0.9736102819442748
ntl_chip_Paris_425,36.10504150390625,0.9371649026870728,0.0156580992043018,0.0096882479265332,-7.059671770548448e-05,0.9550413489341736,0.9773662090301514,33.642330169677734,0.8973666429519653,0.0207911487668752,0.0120882550254464,-5.382294330047444e-05,0.9207330346107484,0.9606947302818298
ntl_chip_Pataskala_518,32.625335693359375,0.9317132830619812,0.0233737919479608,0.0158035662025213,-0.001810181653127,0.98588889837265,0.9929949641227722,29.951696395874023,0.8717531561851501,0.0317989662289619,0.0211194735020399,-7.73568099248223e-05,0.9738826751708984,0.9870267510414124
ntl_chip_Patera_1543,31.44686508178711,0.8129676580429077,0.0267703328281641,0.0197811424732208,-0.0009919983567669,0.8783329129219055,0.9373587369918824,30.131895065307617,0.7233085036277771,0.0311460476368665,0.0227627642452716,-5.793115997221321e-05,0.8353083729743958,0.9152351021766664
ntl_chip_Plouzane_1372,33.41157531738281,0.8905396461486816,0.0213509164750576,0.0131609961390495,3.1151517760008574e-05,0.9576127529144288,0.9786176681518556,31.286941528320312,0.8445273637771606,0.0272677987813949,0.015815706923604,7.112794264685363e-07,0.9308643341064452,0.9655119776725768
ntl_chip_Polyarnyye_Zori_195,61.74248504638672,0.9985860586166382,0.0008120975689962,0.0002327276015421,0.0002327276015421,-10805271552.0,0.0,80.0,0.999988615512848,9.999999974752427e-07,0.0,0.0,1.0,0.0
ntl_chip_Porta_Westfalica_1249,32.121788024902344,0.9005230069160461,0.0247689187526702,0.016013802960515,-0.0006421064026653,0.953240156173706,0.976423680782318,29.905969619750977,0.8433232307434082,0.03196682035923,0.0199358109384775,2.0361698261694983e-05,0.9221142530441284,0.9612111449241638
ntl_chip_Prichard_516,32.25118637084961,0.9416959285736084,0.0244026482105255,0.0147641794756054,-0.0010601255344226,0.9820942878723145,0.9910567998886108,29.414745330810547,0.8849797248840332,0.0338267907500267,0.0202432759106159,0.0001041365321725,0.9655935168266296,0.982919454574585
ntl_chip_Pueblo_Nuevo_1190,32.4063835144043,0.8675963878631592,0.0239704940468072,0.0142207760363817,-0.0002004365087486,0.8328039646148682,0.9127712845802308,31.133739471435547,0.8159797787666321,0.0277530178427696,0.0161953940987586,-5.740780761698261e-05,0.7758738994598389,0.8840811252593994
ntl_chip_Puerto_Suarez_795,36.56412887573242,0.9160480499267578,0.0148519575595855,0.0095452340319752,0.0004462715587578,0.975429356098175,0.987681210041046,34.04100036621094,0.887512743473053,0.019858406856656,0.0113203022629022,3.650032158475369e-05,0.9560723304748536,0.9783013463020324
ntl_chip_Pul-e_Khumri_673,37.33720779418945,0.9185084700584412,0.0135871330276131,0.0094383480027318,-0.0007087889825925,0.954224407672882,0.9769994020462036,35.524871826171875,0.8909168839454651,0.0167397353798151,0.0109464228153228,7.360264135058969e-06,0.9305174946784972,0.9654581546783448
ntl_chip_Radyvyliv_395,33.01616287231445,0.8482744693756104,0.0223453696817159,0.0154468622058629,-0.0009098032023757,0.823081374168396,0.9074909687042236,31.06375503540039,0.7799756526947021,0.0279775410890579,0.0180636420845985,-2.2780863218940794e-05,0.7226568460464478,0.857345461845398
ntl_chip_Raiyam_1550,33.776580810546875,0.8919060230255127,0.0204722620546817,0.0144185591489076,-0.0011596087133511,0.8985844850540161,0.9482345581054688,31.98820304870605,0.8207942247390747,0.025152800604701,0.0174943339079618,-3.7172714655753225e-05,0.8469104766845703,0.923153042793274
ntl_chip_Remedios_1206,30.54486846923828,0.7917656898498535,0.02969984523952,0.0218044146895408,-0.0003286229912191,0.8746373057365417,0.935271143913269,29.09817695617676,0.7095502614974976,0.0350824035704135,0.0250472780317068,1.3214284990681335e-05,0.8250803351402283,0.9109612703323364
ntl_chip_Rio_Grande_1264,33.51924514770508,0.9305080771446228,0.0210878811776638,0.0139459036290645,-0.0006237742491066,0.9830115437507628,0.9915433526039124,30.689165115356445,0.8828713297843933,0.0292105097323656,0.0183548033237457,2.9766102670691907e-05,0.9674038290977478,0.9838981628417968
ntl_chip_Rio_Real_933,35.46929931640625,0.9297997951507568,0.0168471876531839,0.0104982675984501,-0.0001514769683126,0.9547713398933412,0.9772868156433104,33.12105941772461,0.8941147327423096,0.0220771301537752,0.0126807512715458,-7.40120594855398e-05,0.9223316311836244,0.9620707631111144
ntl_chip_Rome_564,32.71580505371094,0.941615343093872,0.0231315977871418,0.0126596558839082,-0.0004816491273231,0.9676589965820312,0.9837457537651062,30.07782745361328,0.8973680138587952,0.0313405394554138,0.0164424236863851,0.0001233638176927,0.940631628036499,0.9705711603164672
ntl_chip_Sablayan_95,26.31434440612793,0.6867048740386963,0.0483372397720813,0.03626149892807,-0.0015735622728243,0.7309458255767822,0.8552464842796326,25.40728759765625,0.5597847700119019,0.0536580495536327,0.040482610464096,5.208693619351834e-05,0.6684525012969971,0.8202813267707825
ntl_chip_Salida_508,30.69234085083008,0.9182547330856324,0.0291998349130153,0.0182248502969741,-0.0010745618492364,0.9763760566711426,0.9881772398948668,28.024730682373047,0.847565233707428,0.0396973975002765,0.0239990204572677,7.516545883845538e-05,0.956336796283722,0.978327214717865
ntl_chip_San_Antonio_Huista_1434,30.085731506347656,0.8323600888252258,0.0313120298087596,0.0213020574301481,-0.0003719963133335,0.8551642298698425,0.9248709082603456,28.177291870117188,0.7474647760391235,0.0390062294900417,0.025281935930252,-5.978938133921474e-06,0.7752388119697571,0.8864202499389648
ntl_chip_San_Jose_del_Guaviare_1185,31.79893684387207,0.7833035588264465,0.0257069114595651,0.0187288280576467,0.0001338227011729,0.8047777414321899,0.8972163796424866,30.57676315307617,0.7049403190612793,0.0295909792184829,0.0211044326424598,-4.828380042454228e-06,0.7413287162780762,0.8636067509651184
ntl_chip_San_Juan_Lalana_1958,29.28262710571289,0.7435377836227417,0.0343452580273151,0.0262759923934936,-0.0009643015218898,0.7463983297348022,0.8641676306724548,28.17451477050781,0.6364453434944153,0.0390187054872512,0.029451573267579,1.2152362614870071e-05,0.6726862788200378,0.8246090412139893
ntl_chip_Sandila_1641,32.45731735229492,0.8574471473693848,0.0238303504884243,0.0172738395631313,-0.0011476755607873,0.91342031955719,0.9558919072151184,30.571165084838867,0.7801398634910583,0.0296100564301013,0.0206625163555145,-8.779781637713313e-06,0.8663301467895508,0.9326160550117492
ntl_chip_Sao Joao de Ver_134,30.477426528930664,0.8896348476409912,0.0299313478171825,0.0210845842957496,-0.0015345512656494,0.9798588752746582,0.9899414777755736,28.12193298339844,0.8159258961677551,0.0392556227743625,0.0275522600859403,-1.8423121218802407e-05,0.9653554558753968,0.982764720916748
ntl_chip_Sao_Miguel_do_Araguaia_902,40.08583831787109,0.941787600517273,0.009901157580316,0.0066965287551283,0.0006960273021832,0.9356476068496704,0.9674914479255676,38.09571075439453,0.925723135471344,0.0124508878216147,0.0075745088979601,-2.4448963813483715e-06,0.8982361555099487,0.9496945142745972
ntl_chip_Sassenage_1378,34.468753814697266,0.9464086890220642,0.0189041104167699,0.0104414764791727,-0.0002579123829491,0.974770486354828,0.987362504005432,31.518932342529297,0.9104743003845216,0.026549132540822,0.0136910490691661,-3.0442079150816426e-06,0.9502381086349488,0.9754889607429504
ntl_chip_Savissivik_1422,61.74248504638672,0.9985860586166382,0.0008120975689962,0.0002327276015421,0.0002327276015421,-10805271552.0,0.0,80.0,0.999988615512848,9.999999974752427e-07,0.0,0.0,1.0,0.0
ntl_chip_Segala_Mba_1911,20.63548851013184,0.6158224940299988,0.0929448455572128,0.07144296169281,-0.0017448387807235,0.6958905458450317,0.8344165682792664,19.77152442932129,0.4567113518714905,0.1026652604341507,0.0797579586505889,-0.0001813233393477,0.6289552450180054,0.7961131930351257
ntl_chip_Serafina_Corea_854,33.3824462890625,0.9314526915550232,0.0214226376265287,0.0119977174326777,-0.0001974530750885,0.9550500512123108,0.97737318277359,30.258708953857425,0.88588947057724,0.0306946244090795,0.0157850887626409,0.0001255577080883,0.9077199697494508,0.9553087949752808
ntl_chip_Shuinancun_1050,33.19755935668945,0.9031714200973512,0.0218835361301898,0.0149888806045055,-0.0006622563814744,0.979985773563385,0.9899996519088744,31.23927116394043,0.858252227306366,0.0274178627878427,0.0180208832025527,2.4184584617614743e-05,0.968582570552826,0.984384536743164
ntl_chip_Shumanay_609,36.59866714477539,0.923262357711792,0.0147930178791284,0.0093084955587983,-0.0001189497270388,0.9292300939559937,0.964073121547699,34.41645812988281,0.8893051147460938,0.0190182756632566,0.0112464651465415,-1.3820823369314894e-05,0.8830292224884033,0.9417487978935242
ntl_chip_Silute_1816,32.79903793334961,0.8433475494384766,0.0229109954088926,0.0161792989820241,-0.0002193151303799,0.8516278862953186,0.9229860305786132,31.535127639770508,0.7722746729850769,0.0264996737241745,0.0186856389045715,-4.211051418678835e-05,0.8015068769454956,0.8978875279426575
ntl_chip_Simav_359,33.013023376464844,0.920984148979187,0.0223534516990184,0.0130207147449254,5.095909727970138e-06,0.9312222599983216,0.9651123881340028,29.71774101257324,0.8444247245788574,0.0326671302318573,0.017368322238326,-3.831668436760083e-06,0.8531138896942139,0.9279593229293824
ntl_chip_Smolensk_244,32.25019073486328,0.8866832852363586,0.0244054496288299,0.01589329354465,-0.0003760969848372,0.965295135974884,0.9825342893600464,30.250511169433597,0.8285117745399475,0.0307236034423112,0.0193892456591129,2.577080886112526e-05,0.9450002312660216,0.9724781513214112
ntl_chip_Solon_1060,35.30643081665039,0.8554377555847168,0.0171660743653774,0.0129789244383573,-0.0006716789794154,0.6974360942840576,0.8355924487113953,34.06832504272461,0.7998194098472595,0.019796036183834,0.0147437434643507,-5.504019100044388e-06,0.5976244211196899,0.781302273273468
ntl_chip_South_Jordan_596,31.344106674194336,0.9292752742767334,0.0270889233797788,0.0163831133395433,-0.0013341648736968,0.9830353856086732,0.991541028022766,29.03530502319336,0.8780477046966553,0.0353372693061828,0.0210261829197406,-1.4940706023480743e-05,0.9711313247680664,0.9856369495391846
ntl_chip_South_Sioux_City_446,35.695343017578125,0.9476778507232666,0.0164143927395343,0.0095200901851058,-0.0001876800233731,0.9831104278564452,0.9915530681610109,32.90127182006836,0.9153665900230408,0.0226429142057895,0.0122739607468247,-3.682164242491126e-05,0.9678609371185304,0.9840853214263916
ntl_chip_Sroda Wielkopolska_126,31.238080978393555,0.9063175320625304,0.0274216122925281,0.0184165574610233,-0.0007184686255641,0.959226131439209,0.9794773459434508,28.797452926635746,0.8328737020492554,0.0363183170557022,0.0238459557294845,3.718605148606002e-05,0.9284767508506776,0.96461284160614
ntl_chip_St_Helens_486,32.519344329833984,0.945156455039978,0.0236607696861028,0.013513721525669,-0.0009608038235455,0.9842751026153564,0.9921613931655884,29.98697280883789,0.90523362159729,0.031670082360506,0.0178302004933357,-0.0001105252231354,0.971827268600464,0.986039102077484
ntl_chip_Sukkur_109,36.56267929077149,0.9331774711608888,0.0148544404655694,0.0101229157298803,-0.0006699071964249,0.98250412940979,0.9912667870521544,34.184207916259766,0.9022652506828308,0.0195336695760488,0.0124224741011857,-3.244596882723272e-06,0.969745397567749,0.9850093722343444
ntl_chip_Takieta_1998,24.463546752929688,0.6715824604034424,0.0598166398704052,0.0446799993515014,-0.0015644966624677,0.6622751951217651,0.8141191005706787,23.52179527282715,0.5295098423957825,0.0666668266057968,0.0500511080026626,-5.597065319307149e-05,0.580493688583374,0.7675838470458984
ntl_chip_Tan_Phong_627,29.002708435058597,0.8469111919403076,0.0354701355099678,0.0226325821131467,-0.0011994101805612,0.9314545392990112,0.9652072787284852,27.5792236328125,0.7679864168167114,0.0417866483330726,0.0270760618150234,6.023690730216913e-05,0.9048676490783693,0.951842963695526
ntl_chip_Tangshan_1116,32.545799255371094,0.9287416338920592,0.023588815703988,0.015642661601305,-0.0015764103736728,0.9816777110099792,0.9908742904663086,30.14420509338379,0.8687192797660828,0.0311019457876682,0.0203981511294841,-4.471875581657514e-05,0.9681475162506104,0.984151303768158
ntl_chip_Terrier_Rouge_1447,37.3163948059082,0.9376652836799622,0.0136197293177247,0.0083117950707674,0.0002204823540523,0.9432318210601808,0.971320629119873,34.627235412597656,0.9151546359062196,0.01856230199337,0.0098887588828802,-8.28733027447015e-06,0.894553542137146,0.9482616782188416
ntl_chip_Tianmingsi_1070,35.53912353515625,0.9258493185043336,0.0167122948914766,0.010543093085289,-5.489165778271854e-05,0.9822078943252563,0.9911033511161804,33.221527099609375,0.8953598737716675,0.0218232367187738,0.0127970362082123,7.020872726570815e-05,0.96966153383255,0.9848586916923524
ntl_chip_Tiaret_1285,33.83330154418945,0.9452751874923706,0.0203390065580606,0.0104411393404006,-0.0001957714412128,0.9656201004981996,0.9827197790145874,30.412206649780277,0.9019978642463684,0.0301569458097219,0.013901955448091,-3.866916813421994e-06,0.9244177937507628,0.9632523655891418
ntl_chip_Tinogasta_693,39.045204162597656,0.9461029767990112,0.0111614950001239,0.0068403957411646,0.0005431924946606,0.9508357048034668,0.9752861857414246,36.87427520751953,0.9294560551643372,0.014330974780023,0.0078330794349312,3.7022182368673376e-06,0.9189493060112,0.9597626328468324
ntl_chip_Tissint_1831,34.1252555847168,0.8148584365844727,0.0196667052805423,0.0147528918460011,5.477305967360735e-05,0.6564742922782898,0.8104748129844666,32.99951934814453,0.7571223378181458,0.0223882291465997,0.0163655877113342,-1.3442469935398549e-05,0.55482017993927,0.756310760974884
ntl_chip_Trindade_290,27.88746833801269,0.759529173374176,0.0403297282755374,0.0226931013166904,-0.0004306345072109,0.7847632765769958,0.8861095905303955,26.960567474365234,0.6834964752197266,0.0448714941740036,0.0259898416697978,0.0001136959690484,0.7335554361343384,0.8584710955619812
ntl_chip_Tullahoma_512,34.14808654785156,0.9350789189338684,0.0196150802075862,0.011660455726087,-0.0005233337287791,0.9708539843559264,0.9853920340538024,31.39209747314453,0.8946942687034607,0.0269396603107452,0.0149280186742544,-2.525688796595205e-05,0.945022702217102,0.9729514718055724
ntl_chip_Tumby_Bay_730,36.969364166259766,0.886326014995575,0.0141749316826462,0.0105574894696474,-0.0004816360888071,0.7392823696136475,0.8600486516952515,35.414207458496094,0.8459038734436035,0.016954381018877,0.01193209271878,-1.9874860299751163e-06,0.62701416015625,0.8018903732299805
ntl_chip_Vanduvancheri_1486,31.8011474609375,0.8344067931175232,0.0257003661245107,0.0181452147662639,-0.0008116785902529,0.9153122305870056,0.9568585157394408,30.445838928222656,0.7619335055351257,0.0300403945147991,0.0211003962904214,4.498741327552125e-05,0.8842946887016296,0.9411073327064514
ntl_chip_Vilattikulam_1566,30.983318328857425,0.8781499266624451,0.0282378271222114,0.0187306888401508,-0.0008859644294716,0.904510498046875,0.95125812292099,28.686397552490234,0.7915159463882446,0.0367856621742248,0.0232416577637195,2.4341890821233392e-05,0.8379495143890381,0.9186925292015076
ntl_chip_Vilyeyka_974,28.0562686920166,0.7820860147476196,0.0395535230636596,0.027015907689929,-0.0005010055028833,0.8176085948944092,0.9043020009994508,27.013545989990234,0.6855157613754272,0.0445986501872539,0.0307993926107883,9.8890857771039e-05,0.7681124210357666,0.8790397644042969
ntl_chip_Visby_262,32.82246017456055,0.9196121692657472,0.022849291563034,0.0100882081314921,6.315887731034309e-05,0.9334990978240968,0.9662072658538818,31.22056579589844,0.8767873048782349,0.0274769719690084,0.012159576639533,0.0001008434192044,0.9038344025611876,0.9512702226638794
ntl_chip_Wang_Nam_Yen_322,26.741329193115234,0.7676682472229004,0.0460185147821903,0.0292578302323818,-0.0008455977076664,0.7931573987007141,0.890773594379425,25.637096405029297,0.6689005494117737,0.052256990224123,0.0329822860658168,6.768648745492101e-06,0.7332751154899597,0.8592479825019836
ntl_chip_Weipa_742,37.039825439453125,0.9271646738052368,0.0140604060143232,0.0083079393953084,0.0004022151988465,0.905964493751526,0.9519854187965392,34.44955062866211,0.9030885696411132,0.0189459472894668,0.0096755214035511,1.4341858332045376e-06,0.8292624950408936,0.91605544090271
ntl_chip_Wilrijk_763,29.79425811767578,0.9041091799736024,0.0323806069791317,0.0229012966156005,-0.0019133073510602,0.9627128839492798,0.9812963604927064,27.787282943725582,0.8292245268821716,0.0407975949347019,0.0294494424015283,1.4447978173848242e-06,0.940808653831482,0.9706098437309264
ntl_chip_Wolfsberg_722,34.452919006347656,0.9251522421836852,0.018938610330224,0.01036739628762,-0.0001085335679817,0.9170154929161072,0.9577066898345948,31.701814651489254,0.8874468803405762,0.025995971634984,0.0128718549385666,3.0224808142520487e-05,0.8436445593833923,0.9225994944572448
ntl_chip_Zhabinka_973,36.33805465698242,0.9111815690994264,0.0152436112985014,0.0102022988721728,0.0001068877318175,0.958584725856781,0.979161500930786,34.675411224365234,0.8725152611732483,0.0184596292674541,0.0118535310029983,-1.8618153262650598e-05,0.9392661452293396,0.9695576429367064
ntl_chip_Ziyodin_Shaharchasi_611,38.538211822509766,0.965034008026123,0.0118324300274252,0.0067670447751879,0.0001533395407022,0.9736441373825072,0.9868234395980836,35.70067596435547,0.9382799863815308,0.0164043195545673,0.0087233884260058,-7.90391641203314e-06,0.9493423104286194,0.9749271273612976
