image_id,psnr_delta,psnr_improved,ssim_delta,ssim_improved,rmse_delta,rmse_improved,mae_delta,mae_improved,bias_delta,bias_improved,r2_delta,r2_improved,pearson_delta,pearson_improved
ntl_chip_Akpassi_785,0.8056221008300781,1,0.14207682013511663,1,0.006966508924961104,1,0.005364034324884401,1,-0.00199785443692232,0,0.08414065837860107,1,0.049621641635894775,1
ntl_chip_Al_Mukalla_639,2.1794776916503906,1,0.026573181152343972,1,0.0044620092958212,1,0.0018080100417137007,1,3.938105874112807e-05,1,0.017880260944366566,1,0.00866401195526123,1
ntl_chip_Albuquerque_589,2.730976104736328,1,0.04183477163314819,1,0.008650861680507702,1,0.004266546107828699,1,-0.000764847893151362,0,0.012730538845062145,1,0.006314039230346791,1
ntl_chip_Alfter_1247,2.443927764892578,1,0.06599932909011852,1,0.008087668567895903,1,0.005589015781879401,1,-0.0009419133784830695,0,0.022836506366729625,1,0.01096153259277366,1
ntl_chip_Ambatomarina_1864,0.9422893524169886,1,0.08439922332763672,1,0.0033396501094103,1,0.0023709721863270014,1,-6.737557487213053e-05,0,0.08292990922927856,1,0.045584678649902344,1
ntl_chip_Ambohidanerana_1862,1.2959861755371094,1,0.07141631841659546,1,0.0036527067422866995,1,0.002054331824183398,1,-0.00015714537948943144,0,0.10438108444213867,1,0.053358495235443115,1
ntl_chip_Andribavontsona_1854,1.1496124267578125,1,0.054257214069366455,1,0.0024843104183673997,1,0.0016520870849489992,1,-0.00013097541159366114,0,0.09423929452896118,1,0.04709291458129883,1
ntl_chip_Anosiala_1888,1.6857223510742188,1,0.04194283485412598,1,0.004394570365548103,1,0.0020128721371293,1,-0.0001405974144290129,0,0.014921188354492188,1,0.007445216178894043,1
ntl_chip_Ansfelden_721,2.811538696289066,1,0.05293405055999767,1,0.008064476773142797,1,0.003998950123786999,1,-0.0002886812326323201,0,0.02890157699584961,1,0.014057636260986217,1
ntl_chip_Aragarcas_885,2.113811492919929,1,0.020350098609924427,1,0.0033972589299083,1,0.0012478930875659006,1,-0.0005161242934263935,0,0.014288842678069957,1,0.0070334672927856445,1
ntl_chip_Arambagh_1618,1.0911178588867152,1,0.08372211456298828,1,0.005200307816267,1,0.0041280947625636985,1,-0.0011622428428381037,0,0.040861546993255615,1,0.020233571529388428,1
ntl_chip_Astrakhan_239,3.2270660400390625,1,0.03678452968597412,1,0.0076227504760027,1,0.0032782061025500003,1,-0.00023071280884323468,0,0.01811790466308605,1,0.008982181549072377,1
ntl_chip_Awan Patti_100,1.7841453552246094,1,0.04250699281692505,1,0.003898322582244901,1,0.0023631416261195998,1,-0.0012953345358254873,0,0.022458553314208762,1,0.011104702949524037,1
ntl_chip_Baixo_Guandu_905,2.7744789123535227,1,0.03465074300765991,1,0.006134556606411899,1,0.0019783060997725,1,-0.00019937069737346958,0,0.05277311801910389,1,0.024175167083740123,1
ntl_chip_Bamukumbit_1039,1.054592132568363,1,0.11864149570465088,1,0.0060406103730202,1,0.005884915590286199,1,-4.298669227859999e-05,0,0.06182384490966797,1,0.03240859508514404,1
ntl_chip_Bareilly_1663,1.5009574890136719,1,0.05782574415206909,1,0.004354992881417299,1,0.0025331880897283,1,-0.001248139262315807,0,0.01875793933868397,1,0.009427130222320779,1
ntl_chip_Barletta_1738,2.9625892639160156,1,0.032019078731536865,1,0.0083020608872175,1,0.0036207996308803003,1,-0.0002062515704891703,0,0.019419491291046143,1,0.009301900863647572,1
ntl_chip_Barstow_530,2.7199783325195312,1,0.021186411380767933,1,0.006146129220724099,1,0.0019153053872288002,1,-0.0001117876890929779,0,0.03606158494949363,1,0.017180800437927357,1
ntl_chip_Bedourie_725,0.890111923217777,1,0.12829291820526123,1,0.004362404346466002,1,0.003314409404993099,1,-0.0022815596930740303,0,0.10495626926422125,1,0.06270444393157959,1
ntl_chip_Belazao_1863,1.222747802734375,1,0.06358379125595093,1,0.0032677967101335005,1,0.002007253468036603,1,-0.00011919080498041387,0,0.044321656227111816,1,0.022727668285369762,1
ntl_chip_Beloozerskiy_192,1.3833370208740305,1,0.08763211965560913,1,0.008463419973850299,1,0.006596576422452899,1,-0.0014872293104417,0,0.03962618112564087,1,0.01933330297470104,1
ntl_chip_Bidur_1988,1.7396907806396449,1,0.07346868515014648,1,0.007273718714714002,1,0.0045411009341478,1,-0.0009198125044348947,0,0.025615155696869008,1,0.012654006481170543,1
ntl_chip_Bilenke_394,1.0040512084960938,1,0.14737576246261597,1,0.005767036229372004,1,0.004735223948955501,1,-0.004299341060686839,0,0.10074496269226074,1,0.05699211359024048,1
ntl_chip_Borgampad_1500,1.3708419799804759,1,0.059893250465393066,1,0.004123277962207798,1,0.002476703375577899,1,-0.0002678189794096163,0,0.028246581554412953,1,0.01412898302078247,1
ntl_chip_Brejo_da_Madre_de_Deus_943,2.5901222229003906,1,0.03384375572204579,1,0.005388523451983899,1,0.0021073240786790987,1,-7.810348324710503e-05,0,0.026659488677978405,1,0.012694120407104381,1
ntl_chip_Bubanza_779,1.6582412719726562,1,0.04613661766052246,1,0.0037434417754411975,1,0.0019228141754865005,1,-0.00027121656967203487,0,0.02148020267486561,1,0.010852575302124023,1
ntl_chip_Bucak_365,2.928791046142578,1,0.0555589199066161,1,0.008146349340677303,1,0.0040827970951795006,1,-0.0002445827267366,0,0.0479247570037844,1,0.02219712734222412,1
ntl_chip_Burglengenfeld_1235,2.6429004669189453,1,0.06013321876525879,1,0.008661419153213501,1,0.004692412912845599,1,-0.0004396600397740016,0,0.033209025859832764,1,0.015938341617584006,1
ntl_chip_Buriti_do_Tocantins_815,2.7397079467773438,1,0.03921252489089966,1,0.006059639155864702,1,0.001940430141985399,1,-0.00013734936874236324,0,0.08578729629516602,1,0.0389673113822937,1
ntl_chip_Buug_82,1.0407772064208949,1,0.07631266117095947,1,0.004080705344676999,1,0.0027872249484062993,1,-0.0006928148504811542,0,0.09062105417251587,1,0.04966604709625244,1
ntl_chip_Cadale_282,0.8063488006591797,1,0.14593541622161865,1,0.005399473011493704,1,0.004325408488512095,1,-0.0034464016280253214,0,0.08381998538970947,1,0.05117833614349365,1
ntl_chip_Cadiz_1339,3.019245147705078,1,0.028243303298950195,1,0.008606756106019,1,0.0039625139907002,1,-0.0005324210851540323,0,0.014208078384399414,1,0.006815552711486816,1
ntl_chip_Canarana_I_872,1.9318695068359375,1,0.017600953578949197,1,0.0025511803105473,1,0.0009899074211716001,1,-0.0004800630049430687,0,0.024720370769500843,1,0.011780381202697976,1
ntl_chip_Cantonment_108,2.235107421875,1,0.04639822244644165,1,0.005279622972011601,1,0.0037433449178935,1,-0.002636469456774599,0,0.006357669830322488,1,0.0032558441162108265,1
ntl_chip_Carlos_Casares_697,2.3665122985839844,1,0.017242848873138428,1,0.0036589382216333996,1,0.0010062642395495995,1,-0.0005046714177296804,0,0.03888195753097545,1,0.018357634544372448,1
ntl_chip_Chencha_1340,0.950469970703125,1,0.1103360652923584,1,0.005068782716989496,1,0.004100341349840199,1,-0.0008117478573693922,0,0.06350564956665039,1,0.03413659334182739,1
ntl_chip_Chengam_1585,1.0392169952392507,1,0.087912917137146,1,0.004615548998117398,1,0.0031446926295757988,1,-0.000979232019744717,0,0.03300774097442627,1,0.017064988613128773,1
ntl_chip_Cherutana_Tekku_1508,1.664432525634762,1,0.05305194854736328,1,0.004801120609045098,1,0.003058027476072301,1,-0.0014657065112259338,0,0.01133584976196278,1,0.005677282810211071,1
ntl_chip_Ciudad_del_Plata_608,2.5861282348632812,1,0.039164841175079235,1,0.0077666733413934985,1,0.0036443928256630984,1,-0.0005639593218802189,0,0.010267078876495361,1,0.005090117454528809,1
ntl_chip_Cloppenburg_1251,2.6049079895019496,1,0.05607801675796509,1,0.008592378348112203,1,0.003942354582250099,1,-0.0001992437173612103,0,0.06793260574340809,1,0.03210252523422241,1
ntl_chip_Covington_418,2.907255172729492,1,0.04063999652862538,1,0.0071766823530197005,1,0.003293004818260701,1,-0.0003581077507987697,0,0.0341026186943052,1,0.016238152980804443,1
ntl_chip_Cuapiaxtla_de_Madero_1935,2.548711776733395,1,0.07285892963409413,1,0.012213509529828998,1,0.007272236049175301,1,-0.0010089426505145817,0,0.04557847976684559,1,0.021050870418548584,1
ntl_chip_Cunupia_380,2.781570434570309,1,0.05070334672927845,1,0.0096650812774896,1,0.005809178575873302,1,-0.000995732887531566,0,0.01322370767593406,1,0.006477415561676025,1
ntl_chip_Currumbin_726,2.6005706787109375,1,0.029371857643127552,1,0.007135549560189299,1,0.0030390769243241,1,-0.0002566170951467563,0,0.01526510715484597,1,0.007564067840576061,1
ntl_chip_Cuttack_1651,1.7955322265625,1,0.0622251033782959,1,0.0055438689887524,1,0.003400286659598302,1,-0.0009376223824801122,0,0.015062332153320424,1,0.00750279426574707,1
ntl_chip_Dabou_1027,1.1232452392578125,1,0.05143141746520996,1,0.0035909805446863,1,0.0019306354224681993,1,-0.00017344286607108285,0,0.01875913143157959,1,0.009369432926177867,1
ntl_chip_Dadukou_1109,0.9034671783447266,1,0.10917466878890991,1,0.006907887756824507,1,0.0058349855244160045,1,-0.0007194871432146955,0,0.05144059658050537,1,0.027080416679382324,1
ntl_chip_Datori_784,0.9517230987548793,1,0.149105966091156,1,0.007286474108695998,1,0.005638845264911596,1,-0.0008167570631485229,0,0.08317911624908447,1,0.047934770584106445,1
ntl_chip_Denan_1346,0.866973876953125,1,0.08543902635574341,1,0.0027485601603985006,1,0.0021919924765824994,1,-0.001608399594260797,0,0.10200554132461553,1,0.059892475605010986,1
ntl_chip_Dhariwal_1577,1.8803215026855469,1,0.05370938777923584,1,0.0043259765952826,1,0.0027665076777339,1,-0.001627784295124,0,0.026265203952789196,1,0.012918949127197155,1
ntl_chip_Dire_1898,0.9256458282470739,1,0.11742764711380005,1,0.004215598106384298,1,0.003419581800699203,1,-9.963798220267501e-05,0,0.07194888591766357,1,0.04015868902206421,1
ntl_chip_Divinopolis_963,2.2655277252197266,1,0.04755491018295277,1,0.007877418771386199,1,0.0037292996421456007,1,-0.000355135918653032,0,0.021819829940795787,1,0.010604143142700195,1
ntl_chip_Dom_Pedrito_942,1.7277259826660156,1,0.02286309003829967,1,0.0024099340662361007,1,0.0010874858126043996,1,-0.00036336881021262055,0,0.021225452423095814,1,0.01019829511642456,1
ntl_chip_Douar_Ras_el_Ksar_1834,2.207721710205078,1,0.014798402786254883,1,0.0028202524408698013,1,0.0009814319200813996,1,-0.00041062918171516936,0,0.01208949089050304,1,0.005929172039031982,1
ntl_chip_El Crucero_8,2.1061363220214844,1,0.05229389667510986,1,0.006803683936595899,1,0.0036814194172621,1,-0.0005230541028139734,0,0.01649808883666981,1,0.008121132850646973,1
ntl_chip_El_Seibo_1266,2.2551803588867188,1,0.039977550506591686,1,0.0055994261056184005,1,0.0022959029302001,1,-0.00021862417634104458,0,0.03499513864517223,1,0.016313672065734752,1
ntl_chip_Engandiyur_1606,1.599924087524414,1,0.05719715356826782,1,0.004296397790312701,1,0.0027479752898216005,1,-0.001060399692505592,0,0.013102829456329235,1,0.006601095199584961,1
ntl_chip_Eqbaliyeh_1697,3.199396133422848,1,0.07464271783828735,1,0.011552112177014403,1,0.006276534870266897,1,-0.0009672328160376844,0,0.028060197830200195,1,0.013652801513671653,1
ntl_chip_Erzurum_377,3.3312149047851562,1,0.04999035596847523,1,0.008605357259511903,1,0.0033457577228546004,1,-4.997695941710844e-05,0,0.02612358331680298,1,0.012879371643066406,1
ntl_chip_Eydhafushi_1927,2.071887969970703,1,0.04015451669692993,1,0.004810944199562,1,0.0015408825129271005,1,-7.132357859518379e-05,0,0.1396998167037964,1,0.07045882940292358,1
ntl_chip_Fontaine-lEveque_762,2.3032417297363317,1,0.0672406554222108,1,0.008579578250646602,1,0.005151828750968,1,-0.0006433454982469855,0,0.030361711978912354,1,0.014761626720428356,1
ntl_chip_Forest_Hills_529,2.527667999267578,1,0.0515291690826416,1,0.007354004308581397,1,0.004239397123456001,1,-0.001020156407321331,0,0.012886822223663552,1,0.006371200084686168,1
ntl_chip_Fotadrevo_1891,1.1256141662597656,1,0.04090303182601929,1,0.0021243263036013014,1,0.0012844009324909002,1,-0.00011035077295667796,0,0.12128084897994995,1,0.0672450065612793,1
ntl_chip_Funadhoo_1926,2.4709320068359375,1,0.03559827804565441,1,0.005366761237382903,1,0.0015907445922494004,1,1.179901846626308e-05,1,0.14451533555984497,1,0.07020223140716553,1
ntl_chip_Gaoping_1131,2.62615966796875,1,0.03126007318496726,1,0.005958622321486501,1,0.0025564478710293995,1,-0.0005781478321295804,0,0.011371135711669922,1,0.005615949630737416,1
ntl_chip_Gayeri_765,0.7961444854736328,1,0.1543436050415039,1,0.0077897533774375916,1,0.006909221410751294,1,-0.0017938370001502,0,0.06658130884170532,1,0.0389636754989624,1
ntl_chip_Gisborne_34,1.9898719787597727,1,0.024619996547698975,1,0.0032113734632731004,1,0.0012821042910217996,1,-0.00028028102315142973,0,0.031458258628845215,1,0.015307843685150146,1
ntl_chip_Gosen_1773,2.582853317260742,1,0.040327906608581654,1,0.006617272272706098,1,0.0033414382487536014,1,-0.0005009723900001805,0,0.01731032133102417,1,0.008462965488433949,1
ntl_chip_Granadero_Baigorria_705,2.7953720092773438,1,0.030709505081176647,1,0.009470982477068901,1,0.0045759119093418,1,-0.0010828832164406694,0,0.011717140674591175,1,0.005710721015929954,1
ntl_chip_Greenville_584,2.4279956817626953,1,0.0578821897506715,1,0.0066346079111099,1,0.0037367939949034985,1,-0.0007582463440485295,0,0.019738614559173584,1,0.009765684604644664,1
ntl_chip_Guaraciaba_do_Norte_937,2.936981201171875,1,0.05937397480010986,1,0.009098416194319801,1,0.0037001194432378006,1,6.148693501017988e-06,1,0.06885671615600586,1,0.03214699029922474,1
ntl_chip_Guarei_879,2.6510753631591797,1,0.04712134599685658,1,0.008393591269850703,1,0.0033857151865958994,1,-0.00017353003568122756,0,0.0401323437690736,1,0.01933467388153065,1
ntl_chip_Gueoul_280,1.296926498413086,1,0.0768706202507019,1,0.004294462502002699,1,0.002526808530092201,1,-8.213581168092787e-05,0,0.03943437337875366,1,0.01978653669357322,1
ntl_chip_Gurh_1574,1.5121002197265625,1,0.06331747770309448,1,0.0041471999138593015,1,0.0028044991195202013,1,-0.0010426991793792393,0,0.022124409675598145,1,0.011044740676879772,1
ntl_chip_Gurupi_948,2.8212661743164062,1,0.01953369379043579,1,0.005626983940601299,1,0.0014052186161279002,1,-0.00044518722279454317,0,0.032456636428832786,1,0.016170859336853027,1
ntl_chip_Gyegu_1068,1.4690971374511719,1,0.015375912189483643,1,0.0019559636712074002,1,0.0008617867715655994,1,-0.00034446845893397265,0,0.0341755747795105,1,0.016826152801513672,1
ntl_chip_Ha_Tinh_631,1.4865150451660156,1,0.07170724868774414,1,0.005698163062334099,1,0.003199316561222,1,-0.00049372480134479,0,0.04438281059265137,1,0.02262139320373524,1
ntl_chip_Harij_1608,2.0706710815429688,1,0.029881060123443604,1,0.0033834241330623002,1,0.0016599120572209011,1,-0.00024720095643709493,0,0.020279645919799583,1,0.009827613830566406,1
ntl_chip_Hayden_501,2.6076507568359375,1,0.027957677841186634,1,0.005769776180386498,1,0.002484890632331401,1,-0.00022198586520966645,0,0.013018548488616943,1,0.006349205970764271,1
ntl_chip_Heerhugowaard_20,1.556900024414066,1,0.05922013521194458,1,0.006133543327450797,1,0.004307422786951003,1,-0.0010565793782006362,0,0.01749432086944558,1,0.008565723896026611,1
ntl_chip_Higashi-Matsuyama_1778,2.2078914642333984,1,0.06417143344879139,1,0.007435759529471401,1,0.0051098503172397995,1,-0.0025177594870910247,0,0.013828814029693604,1,0.006900370121002419,1
ntl_chip_Huajiang_1097,1.4397468566894531,1,0.062050580978393555,1,0.004166433587670302,1,0.0022863298654555997,1,-0.0005538515215448007,0,0.043460071086883545,1,0.021668374538421742,1
ntl_chip_Huishi_1104,2.0335655212402273,1,0.025258123874664418,1,0.0031976960599421986,1,0.0012981649488211008,1,-0.000300303930998734,0,0.03698146343231201,1,0.01799219846725464,1
ntl_chip_Huozhou_1113,2.5985393524169957,1,0.040248870849609486,1,0.0067582111805678,1,0.002802685834467399,1,-0.0003303192497696514,0,0.036240816116332786,1,0.017395973205566406,1
ntl_chip_Hyeres_1392,3.4259719848632812,1,0.03499537706375111,1,0.009947819635271998,1,0.0043474966660142,1,-0.0003679674337035535,0,0.02375364303588856,1,0.011428236961364746,1
ntl_chip_Hyosha_1010,1.1538887023925781,1,0.06307560205459595,1,0.0030064284801483987,1,0.0017369575798512026,1,-0.0002681237529031903,0,0.07848477363586426,1,0.04219084978103638,1
ntl_chip_Ilaka_Atsinanana_1876,0.9006252288818359,1,0.10293787717819214,1,0.004257868975400897,1,0.0030765272676944976,1,-0.00041882774166876523,0,0.0956909060478211,1,0.05618053674697876,1
ntl_chip_Imzouren_1845,2.7943382263183594,1,0.036046862602233776,1,0.006639011204242699,1,0.003017708659172001,1,-0.00015516918210771666,0,0.02010113000869762,1,0.009687781333923118,1
ntl_chip_Inongo_1007,0.7662506103515625,1,0.09312784671783447,1,0.002938162535429001,1,0.0021446645259857004,1,-0.0002516260428819157,0,0.0912885069847107,1,0.05525064468383789,1
ntl_chip_Irshava_391,2.4913711547851562,1,0.05081331729888905,1,0.006273571401834502,1,0.003268528729677202,1,-0.0003166052483720281,0,0.04448658227920532,1,0.020715296268463246,1
ntl_chip_Isangel_635,1.2838020324707031,1,0.017979741096496582,1,0.0016788737848401,1,0.0007598092779517,1,-0.00038342644256769947,0,0.05913656949996948,1,0.0285239815711974,1
ntl_chip_Itaperucu_907,2.331562042236328,1,0.05517113208770741,1,0.007503062486648504,1,0.004298081621527703,1,-0.0010617525476845696,0,0.00807034969329845,1,0.004036426544189564,1
ntl_chip_Jabonga_65,0.9840335845947266,1,0.047052979469299316,1,0.0030573755502701014,1,0.002445109188556699,1,-0.0015314254233088987,0,0.04785639047622681,1,0.024417221546172985,1
ntl_chip_Jafarabad_1593,1.3075675964355469,1,0.04408079385757446,1,0.0030019730329512995,1,0.0019674096256495008,1,-0.0002413106922176203,0,0.02432692050933838,1,0.012104630470275879,1
ntl_chip_Jieshou_1128,2.759235382080078,1,0.05000847578048695,1,0.007149973884224899,1,0.004109876230358999,1,-0.0010933970879704893,0,0.018068313598632812,1,0.008808434009552002,1
ntl_chip_Johnston_542,2.731578826904297,1,0.04711633920669556,1,0.008547279983758899,1,0.004543199203908499,1,-0.001128270218032348,0,0.011729598045349121,1,0.0058141350746155895,1
ntl_chip_Kadiana_1901,1.1870727539062464,1,0.11861401796340942,1,0.005619958043098401,1,0.0037692170590162034,1,-0.00016083155060177024,0,0.07877421379089355,1,0.04275524616241455,1
ntl_chip_Kaedi_1923,1.2939109802246094,1,0.05271214246749878,1,0.0028985608369112015,1,0.0016528982669114997,1,-0.00011133359657825427,0,0.06894171237945557,1,0.03428351879119873,1
ntl_chip_Kamikawa_1744,2.1169700622558594,1,0.04686611890792858,1,0.005522958934307102,1,0.0030761603266,1,-0.000570098003663516,0,0.014898121356964,1,0.00741058588027943,1
ntl_chip_Kaoni_1490,2.64459228515625,1,0.07352054119110107,1,0.006815010681748401,1,0.004184407182037801,1,-0.000922249935683695,0,0.03210914134979237,1,0.015697062015533225,1
ntl_chip_Kincardine_981,2.6245040893554688,1,0.029635608196258545,1,0.005108160898089402,1,0.0019225217401981996,1,-0.00018012530927076555,0,0.0378536581993103,1,0.01849949359893799,1
ntl_chip_Kovrov_237,1.2505912780761719,1,0.09020763635635376,1,0.005967643111944199,1,0.004823932424187598,1,-0.0002286196104250413,0,0.037030816078186035,1,0.01849478483200062,1
ntl_chip_Kraslava_1818,1.2533111572265625,1,0.11084270477294922,1,0.005546547472477001,1,0.004701223224401498,1,-0.00012817730748790413,0,0.09216415882110596,1,0.04388701915740967,1
ntl_chip_Krasnoarmeysk_217,2.3007125854492188,1,0.012933492660522572,1,0.003127519972622301,1,0.0007368163205682997,1,-0.0005043326309532407,0,0.06210029125213623,1,0.03235530853271473,1
ntl_chip_Krasnodon_409,2.7507095336914062,1,0.026118695735931396,1,0.005367890000343401,1,0.002078595571220001,1,-1.6935988242039457e-05,0,0.032275795936584584,1,0.015477299690246582,1
ntl_chip_Kristianstad_263,1.872579574584961,1,0.06561672687530518,1,0.006732741370797102,1,0.0039877668023108985,1,-0.00038475527981061264,0,0.035516560077667236,1,0.0171087384223938,1
ntl_chip_Ksar_Belezma_1272,3.1659183502197266,1,0.054502904415130615,1,0.010738609358668397,1,0.0054281679913402,1,-0.0005201588573981944,0,0.03527629375457764,1,0.0166953206062318,1
ntl_chip_KwaDukuza_658,2.5980796813964844,1,0.03261262178420998,1,0.006153265014290799,1,0.002921536564827,1,-0.00024233313888538167,0,0.02011203765869163,1,0.009738028049468772,1
ntl_chip_Laurel_462,2.3523483276367188,1,0.039458632469177246,1,0.007598392665386203,1,0.0039052031934260992,1,-0.0007667473182663768,0,0.011982977390289307,1,0.005942344665527566,1
ntl_chip_Lobamba_301,2.5919532775878906,1,0.04056656360626221,1,0.006115347146987901,1,0.0029510017484427,1,-0.00035185630622426334,0,0.016918063163757324,1,0.008293747901916393,1
ntl_chip_Los_Blancos_683,1.656414031982429,1,0.015286803245544434,1,0.002399430610239499,1,0.0007897401228547998,1,-0.0006559579360327426,0,0.08892369270324707,1,0.04087269306182861,1
ntl_chip_Mahadeopur_1616,1.3529167175292969,1,0.062475383281707764,1,0.003888137638568899,1,0.0022259633988142014,1,-0.00027750056688087684,0,0.052164554595947266,1,0.02597600221633911,1
ntl_chip_Manlio_Fabio_Altamirano_1963,2.0469284057617188,1,0.05958664417266846,1,0.006209827959537503,1,0.003483008593320798,1,-0.000387442130886469,0,0.013392686843872181,1,0.006643950939178467,1
ntl_chip_Mao_305,0.8270893096923793,1,0.139795184135437,1,0.005208563059568398,1,0.004016391932964297,1,-0.0010577465873211499,0,0.08985280990600586,1,0.053769588470458984,1
ntl_chip_Marsberg_1236,2.2573661804199254,1,0.05443882942199707,1,0.0069750156253576,1,0.0032826242968440004,1,-0.0001135071506723549,0,0.04217684268951416,1,0.020537495613098256,1
ntl_chip_Mata_Roma_857,2.5889968872070384,1,0.026121437549591064,1,0.004083142615854799,1,0.0013930262066424006,1,-0.0003044390141439524,0,0.03510087728500377,1,0.016799867153167836,1
ntl_chip_Mechta_Ouled_Oulha_1279,3.2837448120117188,1,0.05705159902572621,1,0.011040575802326202,1,0.006432406604289998,1,-0.0006414863837562608,0,0.04124474525451671,1,0.019312918186187633,1
ntl_chip_Medinipur_1672,1.2382755279541016,1,0.05807304382324219,1,0.004417492076754601,1,0.0028719119727611993,1,-0.000491311860969226,0,0.0224798321723938,1,0.011283636093139648,1
ntl_chip_Mingjiujie_1053,0.9505729675292969,1,0.07235467433929443,1,0.0035401973873376985,1,0.0024513248354197,1,-0.00031271566695064454,0,0.030709683895111084,1,0.016073644161224365,1
ntl_chip_Molinella_1727,3.1018180847167933,1,0.07619184255599976,1,0.0121947638690472,1,0.0080590359866619,1,-0.0009321341640316,0,0.041558027267456055,1,0.019486308097839578,1
ntl_chip_Moncao_137,2.6016464233398438,1,0.06839364767074596,1,0.0088322777301073,1,0.005476152524352098,1,-0.0008422210594289309,0,0.024200141429901012,1,0.011793673038482777,1
ntl_chip_Mosquera_1168,0.8473472595214844,1,0.05366605520248413,1,0.0036393404006958008,1,0.0019545778632164,1,-3.7344580050999935e-06,0,0.08508920669555664,1,0.052215516567230225,1
ntl_chip_Mpika_661,1.7443466186523509,1,0.024857401847839355,1,0.0027251522988080996,1,0.0012173363938927997,1,-0.0003718811458384111,0,0.02997642755508423,1,0.014568805694579967,1
ntl_chip_Muscle_Shoals_514,2.486074447631836,1,0.051362812519073486,1,0.0068138800561428,1,0.0034618657082319017,1,-0.0006249987054615917,0,0.01989722251892101,1,0.009813368320464977,1
ntl_chip_Mutsamudu_1792,1.0523452758789062,1,0.061609745025634766,1,0.0025763381272554987,1,0.0017936127260327998,1,-0.0003446279370108825,0,0.08131182193756104,1,0.04236787557601929,1
ntl_chip_My_Luong_626,1.225261688232429,1,0.08003807067871094,1,0.007405437529087094,1,0.005449170246720304,1,-0.0018121644243364946,0,0.02024930715560902,1,0.01026904582977306,1
ntl_chip_Nagpur_1654,1.5074996948242188,1,0.055489957332611084,1,0.0044842883944511,1,0.0024530086666345007,1,-0.0011729283651220083,0,0.016262829303741233,1,0.008208334445953147,1
ntl_chip_Nairobi_1785,2.122945785522461,1,0.06364530324935924,1,0.007773060351610198,1,0.0048710908740759,1,-0.0015472894010599072,0,0.012055277824401855,1,0.00602400302886974,1
ntl_chip_Nang_Rong_326,1.058197021484375,1,0.09889650344848633,1,0.007335785776376703,1,0.004671383649110801,1,-0.0004997312717023161,0,0.07123011350631714,1,0.03823035955429077,1
ntl_chip_Nava_1965,2.868030548095703,1,0.01950126886367798,1,0.005733250640332702,1,0.0019413707777858006,1,-4.799649468623102e-05,0,0.012941420078277588,1,0.00630873441696167,1
ntl_chip_Ndele_1013,1.1031246185302734,1,0.05337405204772949,1,0.009417735040187905,1,0.005707591772079499,1,0.0003726388385984259,1,0.036788761615753174,1,0.01915585994720459,1
ntl_chip_Noblesville_573,2.3950138092041016,1,0.05613130331039429,1,0.0073718037456274,1,0.0046390006318689,1,-0.0016718707920517616,0,0.009539365768432728,1,0.004770100116729625,1
ntl_chip_Nogliki_173,1.4397544860839844,1,0.03354239463806152,1,0.002849010750651297,1,0.0014202669262886013,1,-7.788707989671522e-05,0,0.03736442327499401,1,0.018972456455230824,1
ntl_chip_North_Little_Rock_562,2.7255287170410156,1,0.05714088678359974,1,0.0090733375400305,1,0.005593249574303603,1,-0.001313858821958987,0,0.016926825046539418,1,0.008312523365020752,1
ntl_chip_Nova_Ponte_869,2.6268291473388636,1,0.03516125679016113,1,0.006666056811809602,1,0.0019995626062155013,1,-0.00026238409918726935,0,0.0662212371826173,1,0.029608845710754395,1
ntl_chip_Noya_1316,2.8484554290771484,1,0.07303154468536377,1,0.010255588218569797,1,0.005940945819020299,1,-0.0007243703876156066,0,0.04021602869033836,1,0.019222378730774037,1
ntl_chip_Palmira_1204,1.9317436218261719,1,0.027951836585998424,1,0.0032299431040883012,1,0.0014961212873459,1,-8.929674368112064e-05,0,0.03202635049819946,1,0.015250444412231223,1
ntl_chip_Panabo_96,1.1099147796630895,1,0.07428240776062012,1,0.006098691374063499,1,0.004588630050420796,1,-0.0014541055570589149,0,0.02067244052886963,1,0.010410964488983154,1
ntl_chip_Panamaram_1545,1.0753536224365234,1,0.0877942442893982,1,0.004105558618903198,1,0.002868810668587702,1,-0.0014441361709031679,0,0.04577761888504028,1,0.023909687995910756,1
ntl_chip_Paripiranga_891,2.111042022705078,1,0.03575551509857189,1,0.004170587286353099,1,0.001909188926220001,1,-0.00023567576863568046,0,0.020465195178985596,1,0.009979546070098988,1
ntl_chip_Paris_425,2.4627113342285156,1,0.03979825973510742,1,0.005133049562573402,1,0.0024000070989131997,1,-1.6773774405010038e-05,0,0.03430831432342518,1,0.016671478748321533,1
ntl_chip_Pataskala_518,2.6736392974853516,1,0.059960126876831055,1,0.008425174281001101,1,0.005315907299518599,1,-0.0017328248432021778,0,0.012006223201751598,1,0.005968213081359863,1
ntl_chip_Patera_1543,1.3149700164794922,1,0.08965915441513062,1,0.0043757148087023995,1,0.0029816217720507986,1,-0.0009340671967946869,0,0.043024539947509766,1,0.022123634815216064,1
ntl_chip_Plouzane_1372,2.1246337890625,1,0.046012282371520996,1,0.005916882306337301,1,0.0026547107845545006,1,-3.0440238333540037e-05,0,0.02674841880798362,1,0.013105690479278786,1
ntl_chip_Polyarnyye_Zori_195,-18.25751495361328,0,-0.0014025568962098278,0,-0.0008110975689987248,0,-0.0002327276015421,0,-0.0002327276015421,0,-10805271553.0,0,0.0,0
ntl_chip_Porta_Westfalica_1249,2.215818405151367,1,0.05719977617263794,1,0.0071979016065597985,1,0.003922007977962497,1,-0.000621744704403605,0,0.031125903129577637,1,0.015212535858154186,1
ntl_chip_Prichard_516,2.8364410400390625,1,0.056716203689575195,1,0.009424142539501204,1,0.005479096435010501,1,-0.0009559890022501,0,0.016500771045684814,1,0.008137345314025879,1
ntl_chip_Pueblo_Nuevo_1190,1.27264404296875,1,0.0516166090965271,1,0.0037825237959623996,1,0.0019746180623768997,1,-0.00014302870113161738,0,0.0569300651550293,1,0.02869015932083141,1
ntl_chip_Puerto_Suarez_795,2.5231285095214844,1,0.028535306453704834,1,0.0050064492970705015,1,0.001775068230927001,1,-0.0004097712371730463,0,0.019357025623321422,1,0.009379863739013672,1
ntl_chip_Pul-e_Khumri_673,1.8123359680175781,1,0.027591586112976074,1,0.003152602352202001,1,0.0015080748125909996,1,-0.000701428718457441,0,0.023706912994384766,1,0.011541247367858776,1
ntl_chip_Radyvyliv_395,1.9524078369140625,1,0.0682988166809082,1,0.005632171407342002,1,0.0026167798787355995,1,-0.0008870223391567592,0,0.10042452812194824,1,0.050145506858825684,1
ntl_chip_Raiyam_1550,1.7883777618408239,1,0.07111179828643799,1,0.004680538550019299,1,0.0030757747590541996,1,-0.0011224359986953469,0,0.0516740083694458,1,0.025081515312194713,1
ntl_chip_Remedios_1206,1.4466915130615199,1,0.08221542835235596,1,0.005382558330893499,1,0.003242863342165999,1,-0.00031540870622841867,0,0.04955697059631348,1,0.024309873580932617,1
ntl_chip_Rio_Grande_1264,2.830080032348633,1,0.04763674736022949,1,0.008122628554701802,1,0.0044088996946812006,1,-0.0005940081464359081,0,0.015607714653015026,1,0.0076451897621155895,1
ntl_chip_Rio_Real_933,2.3482398986816406,1,0.035685062408447266,1,0.005229942500591302,1,0.0021824836730956997,1,-7.74649088270602e-05,0,0.0324397087097168,1,0.015216052532196045,1
ntl_chip_Rome_564,2.6379776000976562,1,0.04424732923507679,1,0.008208941668271998,1,0.0037827678024768985,1,-0.00035828530963039995,0,0.027027368545532227,1,0.013174593448639027,1
ntl_chip_Sablayan_95,0.9070568084716797,1,0.12692010402679443,1,0.005320809781551403,1,0.004221111536026001,1,-0.0015214753366307816,0,0.062493324279785156,1,0.0349651575088501,1
ntl_chip_Salida_508,2.667610168457035,1,0.07068949937820446,1,0.010497562587261203,1,0.0057741701602936,1,-0.0009993963903979447,0,0.020039260387420543,1,0.009850025177001842,1
ntl_chip_San_Antonio_Huista_1434,1.9084396362304688,1,0.0848953127861023,1,0.007694199681282099,1,0.0039798785001038985,1,-0.00036601737519957855,0,0.07992541790008545,1,0.038450658321380726,1
ntl_chip_San_Jose_del_Guaviare_1185,1.222173690795902,1,0.07836323976516724,1,0.003884067758917798,1,0.0023756045848131006,1,-0.00012899432113044578,0,0.06344902515411377,1,0.033609628677368164,1
ntl_chip_San_Juan_Lalana_1958,1.1081123352050817,1,0.10709244012832642,1,0.0046734474599361,1,0.0031755808740853986,1,-0.00095214915927493,0,0.0737120509147644,1,0.039558589458465576,1
ntl_chip_Sandila_1641,1.8861522674560547,1,0.07730728387832642,1,0.005779705941677,1,0.0033886767923831974,1,-0.0011388957791495867,0,0.04709017276763927,1,0.02327585220336925,1
ntl_chip_Sao Joao de Ver_134,2.355493545532223,1,0.07370895147323608,1,0.009324274957180002,1,0.0064676757901907,1,-0.0015161281444305975,0,0.014503419399261364,1,0.007176756858825573,1
ntl_chip_Sao_Miguel_do_Araguaia_902,1.9901275634765554,1,0.016064465045928955,1,0.0025497302412987,1,0.0008779801428317998,1,-0.0006935824058018516,0,0.03741145133972168,1,0.01779693365097046,1
ntl_chip_Sassenage_1378,2.9498214721679688,1,0.035934388637542614,1,0.0076450221240521,1,0.0032495725899934005,1,-0.00025486817503401837,0,0.02453237771987915,1,0.011873543262481578,1
ntl_chip_Savissivik_1422,-18.25751495361328,0,-0.0014025568962098278,0,-0.0008110975689987248,0,-0.0002327276015421,0,-0.0002327276015421,0,-10805271553.0,0,0.0,0
ntl_chip_Segala_Mba_1911,0.8639640808105504,1,0.1591111421585083,1,0.009720414876937894,1,0.008314996957778903,1,-0.0015635154413758,0,0.06693530082702637,1,0.038303375244140625,1
ntl_chip_Serafina_Corea_854,3.1237373352050746,1,0.0455632209777832,1,0.009271986782550801,1,0.0037873713299632003,1,-7.18953670002e-05,0,0.047330081462859996,1,0.022064387798309215,1
ntl_chip_Shuinancun_1050,1.9582881927490234,1,0.04491919279098522,1,0.0055343266576529,1,0.0030320025980471975,1,-0.0006380717968567852,0,0.011403203010558971,1,0.005615115165710449,1
ntl_chip_Shumanay_609,2.182209014892578,1,0.03395724296569824,1,0.0042252577841281995,1,0.0019379695877432008,1,-0.00010512890366948511,0,0.04620087146759033,1,0.022324323654174805,1
ntl_chip_Silute_1816,1.2639102935791016,1,0.07107287645339966,1,0.003588678315281899,1,0.0025063399225473994,1,-0.00017720461619311165,0,0.050121009349823,1,0.0250985026359557,1
ntl_chip_Simav_359,3.295282363891605,1,0.07655942440032959,1,0.010313678532838901,1,0.0043476074934006,1,-1.2642412912100554e-06,0,0.07810837030410778,1,0.03715306520462036,1
ntl_chip_Smolensk_244,1.999679565429684,1,0.05817151069641113,1,0.0063181538134813,1,0.0034959521144628976,1,-0.00035032617597607473,0,0.020294904708862416,1,0.010056138038635143,1
ntl_chip_Solon_1060,1.2381057739257812,1,0.055618345737457275,1,0.002629961818456601,1,0.001764819025993401,1,-0.0006661749603153556,0,0.09981167316436768,1,0.054290175437927246,1
ntl_chip_South_Jordan_596,2.3088016510009766,1,0.051227569580078125,1,0.008248345926404,1,0.0046430695801973,1,-0.0013192241676733192,0,0.0119040608406068,1,0.005904078483581432,1
ntl_chip_South_Sioux_City_446,2.7940711975097656,1,0.03231126070022583,1,0.006228521466255198,1,0.002753870561718899,1,-0.00015085838094818874,0,0.015249490737914817,1,0.007467746734619252,1
ntl_chip_Sroda Wielkopolska_126,2.440628051757809,1,0.07344383001327504,1,0.008896704763174102,1,0.0054293982684612,1,-0.00068128257407804,0,0.030749380588531383,1,0.014864504337310791,1
ntl_chip_St_Helens_486,2.5323715209960938,1,0.03992283344268799,1,0.008009312674403201,1,0.004316478967666699,1,-0.0008502786004101,0,0.012447834014892467,1,0.006122291088104359,1
ntl_chip_Sukkur_109,2.378471374511726,1,0.030912220478057972,1,0.004679229110479398,1,0.0022995583713053998,1,-0.0006666625995421767,0,0.012758731842041016,1,0.006257414817810059,1
ntl_chip_Takieta_1998,0.9417514801025391,1,0.1420726180076599,1,0.006850186735391603,1,0.005371108651161201,1,-0.0015085260092746284,0,0.08178150653839111,1,0.04653525352478027,1
ntl_chip_Tan_Phong_627,1.4234848022460973,1,0.07892477512359619,1,0.006316512823104803,1,0.004443479701876703,1,-0.001139173273259031,0,0.02658689022064198,1,0.013364315032959206,1
ntl_chip_Tangshan_1116,2.4015941619873047,1,0.06002235412597645,1,0.0075131300836802015,1,0.004755489528179099,1,-0.001531691617856225,0,0.013530194759368896,1,0.006722986698150635,1
ntl_chip_Terrier_Rouge_1447,2.689159393310547,1,0.022510647773742565,1,0.004942572675645301,1,0.0015769638121128013,1,-0.00021219502377782984,0,0.04867827892303478,1,0.023058950901031494,1
ntl_chip_Tianmingsi_1070,2.317596435546875,1,0.030489444732666127,1,0.0051109418272972,1,0.0022539431229232996,1,1.531706948298961e-05,1,0.012546360492706299,1,0.006244659423828014,1
ntl_chip_Tiaret_1285,3.421094894409176,1,0.0432773232460022,1,0.0098179392516613,1,0.0034608161076904002,1,-0.00019190452439937802,0,0.041202306747436745,1,0.019467413425445557,1
ntl_chip_Tinogasta_693,2.170928955078125,1,0.016646921634674072,1,0.0031694797798991012,1,0.0009926836937666,1,-0.0005394902764237326,0,0.031886398792266846,1,0.015523552894592174,1
ntl_chip_Tissint_1831,1.1257362365722656,1,0.057736098766326904,1,0.0027215238660573994,1,0.0016126958653331011,1,-4.13305897382088e-05,0,0.10165411233901978,1,0.05416405200958252,1
ntl_chip_Trindade_290,0.9269008636474574,1,0.07603269815444946,1,0.0045417658984662004,1,0.0032967403531074004,1,-0.00031693853816250003,0,0.05120784044265747,1,0.027638494968414307,1
ntl_chip_Tullahoma_512,2.7559890747070312,1,0.040384650230407715,1,0.007324580103158999,1,0.0032675629481674004,1,-0.0004980768408131479,0,0.025831282138824352,1,0.01244056224822998,1
ntl_chip_Tumby_Bay_730,1.5551567077636719,1,0.040422141551971436,1,0.0027794493362308017,1,0.0013746032491326002,1,-0.00047964860277712487,0,0.11226820945739746,1,0.058158278465270996,1
ntl_chip_Vanduvancheri_1486,1.3553085327148438,1,0.07247328758239746,1,0.0043400283902884015,1,0.0029551815241575,1,-0.0007666911769773787,0,0.031017541885375977,1,0.01575118303298939,1
ntl_chip_Vilattikulam_1566,2.296920776367191,1,0.08663398027420044,1,0.008547835052013397,1,0.004510968923568701,1,-0.0008616225386503666,0,0.06656098365783691,1,0.03256559371948242,1
ntl_chip_Vilyeyka_974,1.0427227020263672,1,0.09657025337219238,1,0.005045127123594305,1,0.0037834849208592987,1,-0.000402114645112261,0,0.04949617385864258,1,0.02526223659515392,1
ntl_chip_Visby_262,1.6018943786621058,1,0.04282486438751232,1,0.004627680405974402,1,0.0020713685080409,1,3.768454189405692e-05,1,0.029664695262909158,1,0.014937043190002441,1
ntl_chip_Wang_Nam_Yen_322,1.1042327880859375,1,0.09876769781112671,1,0.006238475441932699,1,0.003724455833435003,1,-0.0008388290589209079,0,0.059882283210754395,1,0.031525611877441406,1
ntl_chip_Weipa_742,2.5902748107910156,1,0.024076104164123646,1,0.004885541275143599,1,0.0013675820082427008,1,-0.0004007810130132955,0,0.07670199871063244,1,0.035929977893829235,1
ntl_chip_Wilrijk_763,2.006975173950199,1,0.07488465309143078,1,0.0084169879555702,1,0.0065481457859278,1,-0.0019118625532428151,0,0.02190423011779774,1,0.010686516761780007,1
ntl_chip_Wolfsberg_722,2.751104354858402,1,0.03770536184310902,1,0.00705736130476,1,0.0025044586509465998,1,-7.830875983917951e-05,0,0.07337093353271484,1,0.035107195377350076,1
ntl_chip_Zhabinka_973,1.6626434326171875,1,0.03866630792617809,1,0.003216017968952699,1,0.0016512321308255005,1,-8.82695785548494e-05,0,0.019318580627441406,1,0.00960385799407959,1
ntl_chip_Ziyodin_Shaharchasi_611,2.837535858154297,1,0.026754021644592285,1,0.004571889527142098,1,0.0019563436508179006,1,-0.00014543562429016686,0,0.02430182695388783,1,0.011896312236786,1
